0,1
Walmart,https://careers.walmart.com/us/jobs/WD513067-data-engineer-iii
Amazon,https://www.amazon.jobs/en/landing_pages/ops-tech-data-engineering
Apple,https://jobs.apple.com/en-us/details/200327520/data-engineer
CVS,https://jobs.cvshealth.com/job/13835127/data-engineer-hartford-ct/
UnitedHealth Group,https://www.indeed.com/cmp/UnitedHealth-Group/reviews%3Ffcountry%3DALL%26fjobtitle%3DData%2BEngineer
Berkshire Hathaway,https://www.indeed.com/q-Data-Analytics-Berkshire-Hathaway-jobs.html
McKesson,https://www.linkedin.com/jobs/view/data-engineer-at-mckesson-2904642566
AmerisourceBergen,https://www.indeed.com/cmp/Amerisourcebergen/salaries/Data-Engineer
Alphabet,https://enhancv.com/cover-letter-examples/data-engineer/
Exxon Mobil,https://jobs.exxonmobil.com/ExxonMobil/job/Budapest-Data-Engineer-BU/835586000/
AT&T,https://www.indeed.com/q-AT%26T-Data-Engineer-jobs.html
Costco,https://www.linkedin.com/jobs/view/data-engineer-data-analytics-at-costco-it-2807376113
Cigna,https://jobs.cigna.com/us/en/job/21016854/Jr-Data-Scientist-Data-Engineering-Evicore
Cardinal Health,https://jobs.cardinalhealth.com/search/jobdetails/sr-specialist-data-engineering/c3aed339-c1f6-4bd6-933e-8591d9c76d79
Microsoft,https://careers.microsoft.com/us/en/job/1168860/Data-Engineer
Walgreens,https://jobs.walgreens.com/job/chicago/data-engineer-wh/1242/23722492400
Kroger,https://www.indeed.com/cmp/Kroger-54356a75/reviews%3Ffjobtitle%3DData%2BEngineer
Home Depot,https://www.indeed.com/cmp/The-Home-Depot/salaries/Data-Engineer
J.P. Morgan,https://careers.jpmorgan.com/us/en/our-businesses/data-analytics
Verizon,https://www.linkedin.com/jobs/verizon-data-engineer-jobs
Ford Motor,https://fordcareers.dejobs.org/data-engineer/jobs-in/
General Motors,https://www.linkedin.com/jobs/view/data-engineer-at-general-motors-2908264078
Anthem,https://www.wayup.com/i-Insurance-j-Data-Engineer-Intern-Summer-2022-Anthem-966687206348555/
Centene,https://jobs.centene.com/us/en/job/00AF5/Senior-Data-Engineer
Fannie Mae,https://www.fanniemae.com/careers/our-teams/data-analytics
Comcast,https://www.linkedin.com/jobs/comcast-data-engineer-jobs
Chevron,https://careers.chevron.com/professionals/job-types/information-technology
Dell,https://www.linkedin.com/jobs/dell-data-engineer-jobs
Bank of America,https://careers.bankofamerica.com/en-us/job-detail/21056978/data-engineer-multiple-locations
Target,https://jobs.target.com/search-jobs%3Fac%3D67611
Lowe's,https://corporate.lowes.com/careers/search-apply/data-engineer-customer360-2167880br
Marathon,https://jobsearcher.com/j/data-engineer-job-at-marathon-oil-in-houston-tx-RGK24qj
Citigroup,https://www.linkedin.com/jobs/view/data-engineer-at-citi-2892667122
Facebook,https://www.metacareers.com/v2/jobs/170267004154780/
United Parcel Service,https://www.indeed.com/m/jobs%3Fq%3DEngineer%2BUnited%2BParcel%2BService
Johnson & Johnson,https://www.careers.jnj.com/engineering
Wells Fargo,https://www.linkedin.com/jobs/wells-fargo-data-engineer-jobs
General Electric,https://ge.jobs/data-engineer/jobs-in/
State Farm Insurance,https://jobs.statefarm.com/jobs/23488%3Flang%3Den-us
Intel,https://www.linkedin.com/jobs/intel-corporation-data-engineer-jobs
Humana,https://careers.humana.com/job/13438789/senior-data-engineer-remote/
IBM,https://www.indeed.com/q-IBM-Data-Engineer-jobs.html
Procter & Gamble,https://www.pgcareers.com/job/cincinnati/data-engineer-data-and-analytics/936/7280840368
PepsiCo,https://www.indeed.com/cmp/PepsiCo/salaries/Data-Engineer
FedEx,https://careers.fedex.com/jobs/RC481202%3Flang%3Den-us
MetLife,https://grabjobs.co/us/job/full-time/warehousing/data-engineer-8417161
Freddie Mac,https://careers.freddiemac.com/us/en/job/JR4612/Quantitative-Analytics-Professional-Data-Engineering
Phillips 66,https://phillips66.jobs/senior-data-engineer/jobs-in/usa/jobs/%3Fq%3Dproject%2Bengineer
Lockheed Martin,https://www.lockheedmartinjobs.com/job/fort-worth/data-engineer-level-2/694/22549838768
Walt Disney,https://jobs.disneycareers.com/job/orlando/data-engineer/391/11776045760
Archer Daniels Midland,https://archerdanielsmidland.dejobs.org/2BB232A8C6284AF08008C3BE25D7961A23
Albertsons,https://www.linkedin.com/jobs/view/data-engineer-at-albertsons-companies-2891926785
Valero Energy,https://www.valero.com/careers
Boeing,https://jobs.boeing.com/job/arlington/data-engineer/185/2717533888
Prudential Financial,https://jobs.prudential.com/us-en/job-categories/data
Hewlett-Packard,https://www.linkedin.com/jobs/hewlett-packard-data-analyst-jobs
Raytheon,https://careers.rtx.com/global/en/job/01500353/Data-Engineer-REMOTE
StoneX,https://www.indeed.com/cmp/Stonex-Group/salaries/Data-Engineer
Goldman Sachs Group,https://www.goldmansachs.com/careers/divisions/engineering/
Sysco,https://www.builtinaustin.com/job/data/data-engineer/93939
Morgan Stanley,https://hired.com/job/data-engineering-engineering
HCA,https://www.indeed.com/cmp/HCA-Healthcare/salaries/Data-Engineer
Cisco Systems,https://www.linkedin.com/jobs/cisco-data-engineer-jobs
Charter,https://www.spectruminc.com/careers/detail/%3Fid%3D798088798383451860
Merck,https://jobs.merck.com/us/en/data-advanced-analytics
Best Buy,https://jobs.bestbuy.com/bby/frundefined%3Fid%3Djob_details%26sys_id%3D6db823d7dbf8c110b3574b7c13961988
New York Life Insurance,https://www.newyorklife.com/careers
AbbVie,https://abbvie.referrals.selectminds.com/jobs/data-engineer-3486
Publix Super Markets,https://www.linkedin.com/jobs/view/senior-cloud-data-engineer-%25E2%2580%2593-customer-digital-solutions-virtual-remote-at-publix-super-markets-2928801833
Allstate,https://careers.allstate.com/job/Chandler-Lead-Data-Engineer-AZ-85224/725815200/
Liberty Mutual,https://www.indeed.com/cmp/Liberty-Mutual-Insurance/reviews%3Ffjobtitle%3DData%2BEngineer%26ftopic%3Dpaybenefits
AIG,https://www.indeed.com/cmp/AIG/salaries/Data-Engineer
Tyson Foods,https://www.tysonfoods.com/technology-careers
Progressive,https://www.progressive.com/careers/our-teams/data-and-analytics/
Bristol-Myers Squibb,https://www.disabledperson.com/jobs/22822270-associate-data-engineer
Nationwide,https://www.linkedin.com/jobs/view/data-engineer-at-nationwide-2837961679
Pfizer,https://www.linkedin.com/jobs/pfizer-data-scientist-jobs
Caterpillar,https://www.caterpillar.com/en/careers/careersnews/matt-fletcher.html
TIAA,https://careers.tiaa.org/tiaagbs/global/en/job/R220100540/Associate-Data-Engineer
Oracle,https://www.oracle.com/corporate/careers/opportunities/engineering-development.html
Energy Transfer,https://energytransfer.referrals.selectminds.com/jobs/engineer-gas-operations-data-5356
Dow,https://www.linkedin.com/jobs/view/siem-data-engineer-at-dow-2879383150
American Express,https://www.americanexpress.com/en-us/careers/career-areas/technology/
General Dynamics,https://www.gd.com/careers/job-search
Nike,https://www.linkedin.com/jobs/nike-data-engineer-jobs
Northrop Grumman,https://www.northropgrumman.com/jobs/
USAA,https://www.linkedin.com/jobs/usaa-data-engineer-jobs%3Ftrk%3Dguest_job_details_related_jserp_link
Deere,https://deerecareers.jobs/data-engineer/jobs-in/
Abbott Laboratories,https://www.jobs.abbott/global/de/job/31012741/Data-Engineer
Northwestern Mutual,https://www.indeed.com/cmp/Northwestern-Mutual/salaries/Data-Engineer
Dollar General,https://careers.dollargeneral.com/
Exelon,https://careers.exeloncorp.com/search/jobs
Coca-Cola,https://careers.coca-colacompany.com/job/15152928/senior-data-engineer-escazu-cr/
Honeywell International,https://careers.honeywell.com/us/en/job/HRD142874/Data-Warehouse-Engineer
Thermo Fisher Scientific,https://jobs.thermofisher.com/global/en/job/195893BR/Data-Engineer
3M,https://www.3m.com/3M/en_US/careers-us/students/corporate-engineering/
TJX,https://lensa.com/sr-data-engineer-jobs/marlborough/jd/3592c008c2bfe14a011a38033aab49f4
Travelers,https://www.linkedin.com/jobs/travelers-data-engineer-jobs
Capital One,https://www.capitalonecareers.com/category/engineering-jobs/1732/29016/1
Tesla,https://www.tesla.com/careers/search/job/data-engineer-94691
Philip Morris International,https://www.pmi.com/careers/job-details%3Fid%3D42150
Arrow Electronics,https://careers.arrow.com/us/en/job/R197980/Big-Data-Engineer-I
CHS,https://www.linkedin.com/jobs/view/big-data-engineer-at-chs-inc-2924545730
Jabil,https://careers.jabil.com/en/jobs/job/j2298499-data-engineer/
Enterprise Products,https://www.enterpriseproducts.com/careers/job-postings/
Hewlett Packard Enterprise,https://www.indeed.com/cmp/Hewlett-Packard-Enterprise/reviews%3Ffcountry%3DALL%26fjobtitle%3DData%2BEngineer
United Natural Foods,https://jobsearcher.com/j/data-at-united-natural-foods-in-hopkins-mn-dOlV2Zd
Mondelez International,https://in.linkedin.com/jobs/view/data-engineer-supply-chain-at-mondel%25C4%2593z-international-2875155321
Viacom,https://careers.viacomcbs.com/CBS/job/New-York-Data-Engineer-NY-10019/806994400/
Kraft Heinz,https://boards.greenhouse.io/kraftheinz/jobs/4297782003%3Fgh_src%3Dd83e73f23us
Dollar Tree,https://www.comparably.com/companies/dollar-tree/salaries/data-scientist
Amgen,https://www.linkedin.com/jobs/amgen-data-engineer-jobs
U.S. Bancorp,https://www.linkedin.com/jobs/u-s-bank-data-engineer-jobs%3Ftrk%3Dguest_job_details_related_jserp_link
Performance Food Group,"https://www.indeed.com/q-Performance-Food-Group-l-Livermore,-CA-jobs.html"
Netflix,https://jobs.netflix.com/teams/data-science-and-engineering
Gilead Sciences,https://www.linkedin.com/jobs/view/data-engineer-intern-at-gilead-sciences-2898071513
Synnex,https://www.synnexcorp.com/careers/
Eli Lilly,https://careers.lilly.com/job/bengaluru/r-data-engineer/410/24597210800
Truist Financial,http://jobs.truist.com/atlanta-ga/data-engineer-iii-data-analytics-sales-enablement-atlanta-ga-richmond-va/7e26635b0547414cab570ef124abafef/job/
PNC Financial Services,https://www.indeed.com/cmp/Pnc-Financial-Services-Group/salaries/Data-Engineer
Broadcom,https://www.linkedin.com/jobs/view/data-systems-engineer-at-broadcom-inc-2892569692
CB Richard Ellis,https://getwork.com/details/98f3e27aa5bc79d01e026e3c87baa217
Massachusetts Mutual,https://careers.massmutual.com/job/13505144/data-engineer-advanced-boston-ma/
Qualcomm,https://www.linkedin.com/jobs/qualcomm-data-engineer-jobs%3Ftrk%3Djobs_jserp_breadcrumb
Starbucks,https://starbucks.taleo.net/careersection/1000222/jobdetail.ftl%3Fjob%3D1373471
Duke Energy,https://www.duke-energy.com/our-company/careers
Plains GP Holdings,https://www.plains.com/careers/career-opportunities
US Foods,https://www.usfoods.com/careers.html
Lennar,https://careers.lennar.com/en-US/search%3Fkeywords%3DSoftware%2520Engineer
Danaher,https://jobs.danaher.com/global/en/job/R1183221/Data-Engineer-Clinical-Decision-Support-Solutions-REMOTE
Aflac,https://careers.aflac.com/
Rite Aid,https://careers.riteaid.com/jobs/162241%3Futm_source%3Dwebscribble
Visa,https://usa.visa.com/careers/job-details.jobid.743999725942771.deptid.1146504.html
PayPal,https://www.linkedin.com/jobs/paypal-data-engineer-jobs
Micron Technology,https://www.linkedin.com/jobs/micron-technology-data-engineer-jobs
CarMax,https://careers.carmax.com/us/en/carmax-product-technology-and-data-science-careers-technology
Salesforce,https://www.linkedin.com/jobs/salesforce-senior-data-engineer-jobs
Altria Group,https://lensa.com/data-engineer-jobs/richmond/jd/48e38a358f40d7930a370e79d2232839
Lumen Technologies,https://lumen.me/careers/4321679003
Baker Hughes,https://careers.bakerhughes.com/global/en/c/digital-technology-jobs%3Ffrom%3D40%26s%3D1
International Paper,https://jobs.internationalpaper.com/
Hartford Financial Services,https://lensa.com/data-engineer-jobs/hartford/jd/6e5767b55ceeb2d968f7254c85f05ba1
Penske Automotive Group,https://penske.jobs/tampa-fl/data-engineer/673EEB7001F14202BF6DFFB1EA5B48DA/job/
DuPont,https://www.indeed.com/m/jobs%3Fl%3DDupont%252C%2BCO%26q%3Ddata%2Bengineer
AutoNation,https://lensa.com/data-engineer-jobs/fort-lauderdale/jd/5a835183feee34bcd78735b4837f6dab
Southern,https://www.discoverdatascience.org/career-information/data-engineer/
World Fuel Services,https://www.wfscorp.com/en/Careers
D.R. Horton,https://www.drhorton.com/careers
Nucor,https://www.nucor.com/careers/
Cummins,https://cummins.jobs/data-engineer/jobs-in/
NGL Energy Partners,"https://www.ziprecruiter.com/c/NGL-Energy-Partners/Job/Engineering-Analyst/-in-Denver,CO%3Fjid%3D77559bbc4c92807a"
DXC Technology,https://www.comparably.com/companies/dxc-technology/jobs/big-data-engineer
Union Pacific,https://up.jobs/job/opening/Associate%2BSystems%2BEngineer/Omaha/NE/087862
Whirlpool,https://jobs.whirlpool.com/job/Wroc%25C5%2582aw-Senior-Data-Engineer-51-210/794682700/
Molina Healthcare,https://hired.com/job/sr-engineer-big-data
ConocoPhillips,https://careers.conocophillips.com/career-areas/information-technology-careers/
McDonald's,https://jobs.smartrecruiters.com/McDonaldsCorporation/743999737892032-data-engineer
Kimberly-Clark,https://www.linkedin.com/jobs/view/senior-cloud-data-engineer-at-kimberly-clark-2829336042
Paccar,https://jobs.paccar.com/job/Bellevue-Data-Engineer-Job-WA-98004/708990501/
PG&E,https://jobs.pge.com/job/san-francisco/data-engineer/29673/16192361248
CDW,https://www.indeed.com/cmp/Cdw/salaries/Data-Engineer
Sherwin-Williams,https://www.linkedin.com/jobs/view/data-engineering-operations-developer-at-sherwin-williams-2929804009
L3Harris Technologies,https://careers.l3harris.com/business/multivaluefield1/is/4832/5
Macy's,https://www.indeed.com/cmp/Macy's/salaries/Data-Engineer
Manpower,https://www.manpower.com/ManpowerUSA/jobs%3FcategoryID%3DEngineering
NextEra Energy,https://jobs.nexteraenergy.com/go/Engineering-Jobs/2673700/
Tenet Healthcare,https://jobs.tenethealth.com/job/frisco/data-engineer-remote/1127/20025715136
Avnet,https://www.linkedin.com/jobs/view/sr-data-engineer-at-avnet-2884627632
General Mills,https://www.indeed.com/cmp/General-Mills/salaries/Data-Engineer
WestRock,https://lensa.com/sr-data-engineer-jobs/norcross/jd/786bda03079a080ee5336399c62d6366
Carrier,https://www.amazon.jobs/jobs/1968126/data-engineer-alpaca-ats-lh-performance-aces-and-carrier-analytics
Lincoln National,https://jobs.lincolnfinancial.com/job/Greensboro-Data-Engineer-Summer-Internship-%2528June-2022%2529-NC-27395/832557100/
Genuine Parts,https://lensa.com/engineer-data-digital-jobs/atlanta/jd/b300307100d1a80928c38bdcc9bc99aa
American Airlines Group,https://jobs.aa.com/job/Ft-Worth-Data-EngineerSenior-Data-Engineer%252C-IT-Analytics-TX-76101/835915100/
Marsh & McLennan,https://careers.marshmclennan.com/eu/en/job/R_136362/Life-Actuarial-Data-Engineer-Data-Scientist
Applied Materials,https://www.appliedmaterials.com/en-il/company/careers
Becton Dickinson,https://lensa.com/data-engineer-jobs/franklin-lakes/jd/638e193bce34f5ae7d67e49cad65d821
Delta Air Lines,https://lensa.com/data-engineer-jobs/atlanta/jd/ea62fdc09af99a2ba751ef21008cdfb7
Lear,https://www.coursera.org/learning-paths/data-engineering
Bank of New York Mellon,https://www.linkedin.com/jobs/bny-mellon-data-scientist-jobs
Emerson Electric,https://www.emerson.com/en-us/careers
Western Digital,https://jobs.smartrecruiters.com/WesternDigital/743999746565142-engineer-data-engineering
Occidental Petroleum,https://www.oxy.com/careers/
Nvidia,https://www.linkedin.com/jobs/view/data-engineer-data-science-platform-new-college-grad-at-nvidia-2805977646
Cognizant,https://careers.cognizant.com/studentandinterns/na/en/job/37609/Data-Engineer
Jones Lang LaSalle,https://www.linkedin.com/jobs/view/data-engineer-remote-at-jones-lang-lasalle-2944139229
Synchrony Financial,https://www.indeed.com/cmp/Synchrony/salaries/Data-Engineer
Colgate-Palmolive,https://www.indeed.com/cmp/Colgate--palmolive/salaries/Data-Engineer
AECOM,https://aecom.com/careers/
XPO Logistics,https://www.interviewquery.com/interview-guides/xpo-logistics-data-engineer
CH Robinson,https://jobs.chrobinson.com/job/eden-prairie/data-engineer-iii-remote/209/23756873792
BlackRock,https://careers.blackrock.com/job/13448969/data-engineer-seattle-wa/
Dominion Energy,https://careers.dominionenergy.com/go/Database-Jobs-in-Richmond/3472500/
Rocket Companies,https://www.indeed.com/cmp/Rocket-Companies/salaries/Data-Engineer%3Ffrom%3Dacme-salaries-v2
Kohl's,https://www.indeed.com/cmp/Kohl's/salaries/Data-Engineer
Fluor,https://www.fluor.com/careers
DISH Network,https://jobs.dish.com/jobs/54815%3Flang%3Den-us
BJ's Wholesale Club,https://www.indeed.com/cmp/Bj's-Wholesale-Club/salaries/Data-Engineer
Tenneco,https://jobs.tenneco.com/search/jobdetails/azure-data-engineer/f4c81bfa-c4d5-4792-a1fe-bf8be80f97c9
United Airlines,https://www.indeed.com/cmp/United-Airlines/salaries/Data-Engineer
Mastercard,https://mastercard.jobs/data-engineer/jobs-in/
Waste Management,https://careers.wm.com/jobs/data-engineer-4205
PBF Energy,https://www.linkedin.com/jobs/view/process-engineer-at-pbf-energy-2910271912
American Electric Power,https://www.aep.com/careers/positions
Fiserv,"https://www.ziprecruiter.com/c/Fiserv/Job/Implementations-Data-Engineer/-in-Frisco,TX%3Fjid%3Dfeeba55a6064c4a6"
Principal Financial,https://www.zippia.com/austin-tx-jobs/data-engineer-dlp/%3F574a7035106378deaaa44cefd1b9bc828920cc2f
Reinsurance Group of America,https://www.rgare.com/careers
ADP,https://jobs.adp.com/job/13664004/lead-architect-global-marketing-operations-roseland-nj/
Stanley Black & Decker,https://www.stanleyblackanddecker.com/careers/working-here/explore-your-career-us-technology-data
Texas Instruments,https://careers.ti.com/
Halliburton,https://www.rigzone.com/a-data-engineer-jobs/%3Ffc%3DHalliburton
Stryker,https://www.datayoshi.com/offer/372952/data-engineer
Estee Lauder,https://jobs.elcompanies.com/jobs/223249%3Flang%3Den-us
Corteva,https://careers.corteva.com/job-en/15056637/data-engineer-des-moines-ia/
Freeport-McMoRan,https://www.fcx.com/careers
Qurate Retail,https://careers.qurateretailgroup.com/job/11664839/software-development-engineer-big-data-seattle-wa/
Wayfair,https://www.wayfair.com/careers/job/staff-data-engineer/4906160002
Laboratory of America,"https://www.ziprecruiter.com/c/Laboratory-Corporation-of-America/Job/Data-Engineer-I/-in-Madison,WI%3Fjid%3Df5c3f5b2cb2e7baa%26lvk%3DlFJd3uldBXQnD_eVJ-QVkQ.--MJrEEx--F"
Land O'Lakes,https://www.linkedin.com/jobs/view/lead-data-engineer-at-land-o-lakes-inc-2865910656
PPG,https://careers.ppg.com/jobs/data-engineer-2-28656
Gap,https://www.gapinc.com/en-us/jobs/w78/53/sr-data-engineer-gap-data-platform
Kellogg,"https://www.indeed.com/q-Data-Engineer-l-Kellogg,-GA-jobs.html"
Parker Hannifin,https://www.linkedin.com/jobs/view/data-engineer-etl-and-integrations-at-parker-hannifin-2907636064
Core-Mark,https://jobsearcher.com/jobs/me/gardiner/-/core-mark-data%3FsortBy%3DrelevanceBoostActive%26status%3Dall
Jacobs Engineering Group,https://careers.jacobs.com/
Edison International,https://www.edisoncareers.com/page/show/data-scientist
Guardian Life of America,https://lensa.com/sr-data-engineer-jobs/new-york/jd/4ab48bc2e3702bf56bb9fc58d70e5ca6
Biogen,https://jobs.smartrecruiters.com/Biogen/743999701402720-sr-data-engineer-lead-developer-data-access-delivery
Omnicom,https://www.linkedin.com/jobs/view/senior-data-engineer-at-omnicom-media-group-2926685132
Unum Group,https://careers.unum.com/global/en/search-results
Lithia Motors,https://lithiacareers.com/
American Family Insurance,https://www.linkedin.com/jobs/view/data-engineer-i-remote-at-american-family-insurance-2896667899
Discover Financial Services,https://www.linkedin.com/jobs/discover-financial-services-data-engineer-jobs
Adobe,https://www.adobe.com/careers/teams/engineering-and-product.html
Aramark,https://aramark.jobs.net/en-US/job/data-engineer-data-science-sports-entertainment/J3Q4Y36FDXMB66CTR57
Otis Worldwide,https://www.otis.com/en/us/careers
Ecolab,https://www.indeed.com/cmp/Ecolab/salaries/Data-Engineer
AutoZone,https://autozone.referrals.selectminds.com/jobs/systems-engineer-data-engineering-etl-103379
Loews,https://corporate.lowes.com/careers/search-apply/data-engineer-customer360-2167880br
Illinois Tool Works,https://www.indeed.com/m/jobs%3Fq%3DIllinois%2BTool%2BWorks%2BInc.%26l%3DTroy%252C%2BMI
Fidelity National Information Services,https://lensa.com/senior-data-engineer-jobs/wildwood/jd/271aacc78c7e360a7731030a6f64e749
Ross Stores,https://www.comparably.com/companies/ross-stores/salaries/data-scientist
Peter Kiewit Sons,https://www.payscale.com/research/US/Employer%3DPeter_Kiewit_Sons%2527%252C_Inc./Salary
Equitable Holdings,https://equitable.com/about-us/careers
WESCO,https://www.linkedin.com/jobs/view/lead-data-engineer-remote-at-wesco-distribution-2903101492
Goodyear Tire & Rubber,https://www.linkedin.com/jobs/view/senior-data-engineer-at-the-goodyear-tire-rubber-company-2958129653
Fox,https://www.foxcareers.com/Search/JobDetail/R50017077/data-engineer-strategy-and-analytics-implementations-fox-corporation
Leidos Holdings,https://careers.leidos.com/jobs/8422387-data-engineer
Consolidated Edison,https://careers.coned.com/jobs/search
DTE Energy,https://careers.dteenergy.com/go/View-All-Jobs/4476200/
Charles Schwab,https://jobs.schwabjobs.com/job/westlake/data-engineer/33727/11789172416
State Street,https://careers.statestreet.com/global/en/c/information-technology-jobs%3Ffrom%3D80%26s%3D1
Ameriprise Financial,https://in.linkedin.com/jobs/view/data-engineer-process-trainee-ind-at-ameriprise-financial-services-llc-2882622916
Viatris,https://www.viatris.com/en/careers
Sempra Energy,https://www.sempra.com/careers
Farmers Insurance Exchange,https://www.indeed.com/cmp/Farmers-Insurance-Group/salaries/data-engineer
Bath & Body Works,https://careers.bathandbodyworks.com/en/job-2/13715866/data-engineer-columbus-oh/
W.W. Grainger,https://jobs.grainger.com/go/View-All-Jobs/8082000/
Community Health Systems,https://www.chs.net/careers/
Ball,https://www.linkedin.com/jobs/view/senior-data-engineer-at-ball-corporation-2957969375
Berry Global Group,https://www.berryglobal.com/careers
Kinder Morgan,https://www.kindermorgan.com/Careers/Working-at-Kinder-Morgan
VF,https://www.vfc.com/careers
Baxter International,https://www.linkedin.com/in/naveen-c-710732185
Textron,https://www.textron.com/Careers
LKQ,https://www.lkqcorp.com/culture-and-careers/
Keurig Dr Pepper,https://lensa.com/data-engineer-jobs/burlington/jd/30a026f0a72a49bccdd80ad3eb8be6e9
O'Reilly Automotive,https://www.linkedin.com/jobs/view/data-engineer-at-o-reilly-auto-parts-2898542684
Crown Holdings,https://www.crowncork.com/careers
Universal Health Services,https://jobs.uhsinc.com/careers/
DaVita,https://www.indeed.com/cmp/DaVita/salaries/Data-Engineer
Xcel Energy,https://jobs.xcelenergy.com/job/Denver-Sr_-Data-Engineer-Job-CO-80202/844904200/
Newmont,https://www.newmont.com/careers/our-jobs/default.aspx
Vistra Energy,https://vistracorp.com/careers/
IQVIA Holdings,https://jobs.iqvia.com/job/warsaw/data-engineer/24443/14071927264
eBay,https://careers.ebayinc.com/engineering-careers/
Corning,https://corningjobs.corning.com/job/Tewksbury-MA-01876/783275700/
Quanta Services,https://www.quantaservices.com/careers/
HollyFrontier,https://careers.hollyfrontier.com/job/El-Dorado-KS-67042/810878500/
Bed Bath & Beyond,https://www.linkedin.com/jobs/view/digital-data-architect-remote-at-bed-bath-beyond-2789140681
Uber Technologies,https://www.uber.com/us/en/careers/teams/data-science/
Mutual of Omaha,https://www.mutualofomaha.com/careers/jobs/search%3FjobCategory%3DInformation%2BTechnology
Conagra Brands,https://careers.conagrabrands.com/CampusRecruiting
PulteGroup,https://www.pultegroupinc.com/default.aspx%3FSectionId%3Dc9e2f9ea-a8a9-419c-a8ec-2c26ea43ca86%26LanguageId%3D1
EOG Resources,"https://www.ziprecruiter.com/c/EOG-Resources/Job/Sr-Data-Engineer/-in-Houston,TX%3Fjid%3D1a93034cfc59043a%26lvk%3DQOP4AMwM88tYagDwHs4TZQ.--MNqXJ2rgZ"
Group 1 Automotive,https://www.indeed.com/q-Automotive-Data-Engineer-jobs.html
Ally Financial,https://www.ally.com/about/careers/
Fidelity National Financial,https://www.indeed.com/cmp/Fidelity-National-Financial
Nordstrom,https://careers.nordstrom.com/
Discovery,https://www.indeed.com/q-E-Discovery-Data-Engineer-jobs.html
Tractor Supply,https://tractorsupply.jobs/jobs/details/5000278589506
CSX,https://www.linkedin.com/jobs/view/data-engineer-i-dataops-at-csx-2931596500
Marriott International,https://www.linkedin.com/jobs/marriott-international-engineering-jobs
FirstEnergy,https://careers.firstenergycorp.com/job/Akron-Data-Engineer-OH-44320/790991000/
BorgWarner,https://www.borgwarner.com/careers/job-search
Edward Jones (Jones Financial Companies),https://careers.edwardjones.com/en-CA/job-details/13377128/data-engineer-us-remote-eligible-remote/
Republic Services,https://www.linkedin.com/jobs/view/data-engineer-at-republic-services-2849098050
Henry Schein,https://www.henryschein.com/us-en/corporate/career/default.aspx
Expeditors International of Washington,https://jobs.smartrecruiters.com/Expeditors/743999773417964-developer-iii-data-engineer-is-core-services
Entergy,https://www.indeed.com/q-Energy-Data-Analysis-Engineer-jobs.html
Advance Auto Parts,https://www.linkedin.com/jobs/view/data-engineer-remote-at-advance-auto-parts-2883573976
Assurant,https://www.linkedin.com/jobs/view/data-engineer-at-assurant-2870936429
Pacific Life,https://www.pacificlife.com/home/Careers/students.html
Lam Research,https://careers.lamresearch.com/job/Fremont-Software-Engineer-4-CA-94538/802444400/
Boston Scientific,https://www.bostonscientific.com/en-US/careers.html
Altice USA,https://www.alticeusacareers.com/jobs/information-technology/
Norfolk Southern,http://www.nscorp.com/content/nscorp/en/work-at-ns/job-openings.html
Sonic Automotive,https://jobs.sonicautomotive.com/
AMD,https://jobs.amd.com/job/Singapore-SMTS-Product-Development-Eng_-Sing/804715300/
United States Steel,https://www.ussteel.com/careers/careers-in-steel
Markel,https://www.linkedin.com/jobs/view/senior-data-engineer-at-markel-2939717953
ODP,https://www.indeed.com/m/jobs%3Fq%3DOdp%2BEngineer
AES,https://www.linkedin.com/jobs/view/data-engineer-intern-1-at-the-aes-corporation-2900784145
Molson Coors,https://jobs.molsoncoors.com/MolsonCoors_US/job/Milwaukee-Senior-Data-Engineer-WI-53201/762864801/
J.B. Hunt,https://careers.jbhunt.com/careers/engineering-and-technology
KKR,https://boards.greenhouse.io/kkr
Hormel Foods,https://www.hormelfoods.com/careers/new-grads-university-recruiting/
Public Service Enterprise Group,https://www.theladders.com/company/publicserviceenterprisegroup-jobs
Steel Dynamics,https://apply.jobappnetwork.com/steel-dynamics-inc
Dick's Sporting Goods,https://www.linkedin.com/jobs/view/data-engineer-at-dick-s-sporting-goods-2814799194
Mohawk,"https://www.indeed.com/q-Software-Engineer-l-Mohawk,-IN-jobs.html"
Murphy USA,"https://www.indeed.com/q-Data-Engineer-l-Murphy,-TX-jobs.html"
Square,https://jobs.smartrecruiters.com/Square/743999781790473-data-engineer-marketing
Quest Diagnostics,https://careers.questdiagnostics.com/en-US/search%3Fkeywords%3DSoftware%2520Engineer%26orderby%3D-distance
Newell Brands,https://careers.newellbrands.com/us/en/
Liberty Media,https://www.libertymedia.com/careers
Huntington Ingalls,https://lensa.com/data-engineer-jobs/washington/jd/6e66402ab82fb4b48e4c085a9e0dc658
Cheniere Energy,https://www.cheniere.com/careers
SpartanNash,https://www.linkedin.com/jobs/view/data-engineer-at-spartannash-2901671946
Alcoa,https://jobsearcher.com/jobs/tn/alcoa/-/data-engineer
AGCO,https://careers.agcocorp.com/job/Duluth-IT-Analyst-II-Job-GA-30026/818719400/
Voya Financial,https://www.voya.com/about-us/find-career-voya
NRG Energy,https://lensa.com/python-data-engineer-jobs/houston/jd/456b325ebf228889523d6528fd4266c4
Interpublic Group,https://www.themuse.com/jobs/kinesso/associate-data-engineer
Campbell Soup,https://careers.campbellsoupcompany.com/us/en
Southwest Airlines,https://careers.southwestair.com/searchresultslandingtmpl%3Fs%3D
News,https://builtin.com/jobs/data-analytics/data-engineering/news-entertainment
Eversource Energy,https://jobs.eversource.com/
Alleghany,https://alleghenyst.com/join_our_team/
Air Products & Chemicals,https://www.payscale.com/research/US/Job%3DChemical_Engineer/Salary/7f92748e/Air-Products-%2526-Chemicals-Inc.-Data-Analysis
Auto-Owners Insurance,https://www.auto-owners.com/about/career-opportunities
CenterPoint Energy,https://www.indeed.com/q-Centerpoint-Energy-l-Texas-jobs.html
Reliance Steel & Aluminum,https://jobsearcher.com/j/remote-cloud-data-engineer-reliance-steel-aluminum-co-at-insight-global-in-houston-tx-Wr71LW2
EMCOR Group,https://www.emcorgroup.com/careers
Owens & Minor,https://www.owens-minor.com/careers/
Mosaic,https://joinmosaic.com/about-us/careers/
Erie Insurance Group,https://jobs.erieinsurance.com/job/Erie-Data-Engineer-PA-16530/829538600/
Genworth Financial,https://www.genworth.com/about-us/building-careers.html
Amphenol,http://www.amphenolmao.com/Careers
Builders FirstSource,https://www.bldr.com/join-our-team
Oneok,https://www.oneok.com/careers
United Rentals,https://builtin.com/company/united-rentals/jobs/data-analytics
Brighthouse Financial,https://www.indeed.com/cmp/Brighthouse-Financial/salaries/Data-Engineer
Regeneron Pharmaceuticals,https://careers.regeneron.com/job/R2755/Manager-Data-Engineer
Eastman Chemical,https://jobs.eastman.com/job/Kingsport-Chemical-Engineer-%2528Experienced%2529-GPS-TN-37660/803621200/
CommScope Holding,https://careers.commscope.com/early-careers
Ryder System,https://jobs.ryder.com/data-engineer-iii/jobs-in/usa/jobs/
Fifth Third Bancorp,https://www.53.com/content/fifth-third/en/careers.html
Constellation Brands,https://www.cbrands.com/careers
Insight Enterprises,https://www.indeed.com/q-Customer-Insight-Data-Engineer-jobs.html
Global Partners,https://www.newfireglobal.com/careers/middle-data-engineer-2/
Univar Solutions,https://www.univarsolutions.com/careers
Yum China Holdings,https://www.yum.com/wps/portal/yumbrands/Yumbrands/careers/yum-digital-tech/data-and-advanced-analytics
Targa Resources,https://www.targaresources.com/careers/careers-overview
Intercontinental Exchange,https://www.linkedin.com/jobs/view/data-engineer-at-ice-2697147223
Andersons,https://lensa.com/principal-data-engineer-jobs/houston/jd/b3695f92b5bcd8cabd522107219d3310
Raymond James Financial,https://www.raymondjames.com/careers
Thor,https://www.thorindustries.com/careers
Thrivent Financial for Lutherans,https://www.thrivent.com/careers
Hershey,https://careers.thehersheycompany.com/us/en/job/111963/Data-Visualization-Engineer-Remote-US-Only
Casey's General Stores,https://www.caseys.com/careers
W.R. Berkley,https://www.linkedin.com/jobs/view/data-engineer-analyst-at-w-r-berkley-corporation-2909845344
Activision Blizzard,https://careers.activision.com/job/R005234/Senior-Data-Engineer-Activision-Blizzard-Media
Western & Southern Financial Group,https://www.westernsouthern.com/careers
American Tower,https://www.americantower.com/us/careers/
American Financial Group,https://www.indeed.com/q-American-Financial-Group-jobs.html
Darden Restaurants,https://jobsearcher.com/j/data-quality-engineer-at-darden-restaurants-in-orlando-fl-Mo0PmB0
J.M. Smucker,https://www.linkedin.com/jobs/view/data-engineer-at-the-j-m-smucker-co-2910234548
Williams,https://www.linkedin.com/jobs/view/data-engineer-at-keller-williams-realty-inc-2878658601
Intuit,https://www.intuit.com/careers/teams/data-science/
Citizens Financial Group,https://www.careermatch.com/posting/bug_39109955330%3Fcontext%3Dmerch
PPL,https://stripe.com/jobs/listing/people-data-engineer/3898560
NVR,https://www.linkedin.com/jobs/view/senior-data-engineer-at-nvr-inc-2886046449
Westinghouse Air Brake,"https://www.ziprecruiter.com/c/Westinghouse-Air-Brake-Technologies/Job/Sr-Data-Engineer/-in-Atlanta,GA%3Fjid%3Df63058e6c7407dff"
Foot Locker,https://www.indeed.com/cmp/Foot-Locker/salaries/Data-Engineer
Cincinnati Financial,https://www.zippia.com/fairfield-oh-jobs/data-engineer-dlp/%3Fe885c3bd01d6121def0b37424b8a04b861f3455b
Weyerhaeuser,https://www.weyerhaeuser.com/careers/
Westlake Chemical,https://www.westlaketalent.com/listjobs/
Navistar International,https://careers.navistar.com/jobs
Magellan Health,https://careers.magellanhealth.com/us/en/c/information-technology-jobs%3Ffrom%3D20%26s%3D1
Booz Allen Hamilton,https://careers.boozallen.com/teams/datascience
Autoliv,https://career.autoliv.com/jobs
S&P Global,https://careers.spglobal.com/jobs/257140%3Flang%3Den-us
Global Payments,https://www.globalpayments.com/about-us/careers
Motorola,https://www.linkedin.com/job/motorola/data-engineer-jobs/%3Ftrk%3Dold_jserp_redirect
KeyCorp,https://www.key.com/about/careers/find-your-career-path/analytics-advocates.jsp
Delek US Holdings,https://www.delekus.com/careers/
Masco,https://masco.com/careers/
Graybar Electric,https://www.linkedin.com/company/graybar/jobs
WEC Energy Group,https://www.wecenergygroup.com/careers/
Old Republic International,https://www.zippia.com/old-republic-international-careers-8473/
Frontier Communications,https://www.comparably.com/companies/frontier-communications/jobs/big-data-engineer
Chewy,https://careers.chewy.com/us/en/job/3834450/Data-Engineer
PVH,https://www.businessoffashion.com/careers/job/194460/senior-data-engineer/
Asbury,https://www.erieri.com/salary/job/big-data-engineer/united-states/new-jersey/asbury
Seaboard,https://jobsearcher.com/j/it-data-architect-at-seaboard-corporation-in-topeka-ks-2kj68Lq
Polaris,https://www.ziprecruiter.com/Jobs/Polaris-Engineering
Dana,https://www.linkedin.com/jobs/view/sr-data-engineer-at-dana-incorporated-2703948253
First American,https://www.linkedin.com/jobs/view/remote-senior-data-engineer-at-first-american-title-2886296396
Cintas,https://www.indeed.com/m/jobs%3Fq%3DCintas%2BCompany%2BData%2BEntry
Toll Brothers,https://www.tollcareercenter.com/
Science Applications International,https://www.zippia.com/pierre-sd-jobs/data-engineer-dlp/%3Fa0f7bf12dbfc43db7340640203173ec78f0cc54d
Owens Corning,https://www.linkedin.com/jobs/owens-corning-jobs
Zimmer Biomet Holdings,https://www.zimmerbiomet.com/anz/careers.html
Xerox,https://xerox.avature.net/en_US/careers/JobDetail/Lead-Data-Engineer/27404
Arthur J. Gallagher,https://hired.com/job/data-engineer-31dea819-1097-4b64-9f58-ebad55cbf398
Avery Dennison,https://jobs.smartrecruiters.com/AveryDennison/743999761492652-data-engineer
Sanmina,https://www.sanmina.com/careers/
Jefferies Financial Group,https://jefferies.taleo.net/careersection/jef_ex/jobdetail.ftl%3Fjob%3D2200018A%26tz%3DGMT-08%253A00%26tzname%3DPST8PDT
Beacon Roofing Supply,https://www.zippia.com/beacon-roofing-supply-careers-1399/
Securian Financial Group,https://www.securian.com/about-us/careers.html
Oshkosh,https://www.linkedin.com/jobs/view/data-engineer-at-oshkosh-corporation-2924492652
FM Global,https://jobs.fmglobalcareers.com/job/johnston/data-analytics-data-engineer-iii/474/24674569296
Booking Holdings,https://jobs.booking.com/careers%3Fpid%3D562949954315096%26query%3DMachine%2520Learning%26domain%3Dbooking.com
Williams-Sonoma,http://www.williams-sonomainc.com/careers/ecommercetechnology.html
Coty,https://www.coty.com/join-us
Clorox,https://www.linkedin.com/jobs/view/data-engineer-at-the-clorox-company-2707884034
Pioneer Natural Resources,https://www.pxd.com/careers
Dover,https://www.linkedin.com/jobs/data-engineer-senior-data-engineer-jobs-dover-nh%3Ftrk%3Dguest_job_details_jd_jserp_more_jobs_link
CMS Energy,https://www.cmsenergy.com/careers/default.aspx
Zoetis,https://www.linkedin.com/jobs/zoetis-engineering-jobs
Hanes,https://hanescareers.com/job-post%3Fid%3D18202-0721-18142
Packaging of America,https://www.amazon.jobs/en/jobs/1922226/data-engineer-customer-packaging-experience
Regions Financial,https://careers.regions.com/us/en/job/R57160/Data-Engineer
Graphic Packaging Holding,https://careers.graphicpkg.com/go/All-Jobs/7921500/
UGI,https://careers.ugicorp.com/UGIUtilities/job/Denver-Engineer-I-Standards-%26-Materials-PA-17517/818659200/
Sprouts Farmers Market,https://www.linkedin.com/jobs/view/data-engineer-iii-at-sprouts-farmers-market-2888308912
Avantor,https://avantorinc.dejobs.org/senior-data-engineer/jobs-in/texas/usa/jobs/
Veritiv,https://careers.veritivcorp.com/us/en/c/internships-jobs
Rockwell Automation,https://www.rockwellautomation.com/en-us/company/careers.html
MasTec,https://www.mastec.com/careers/
DCP Midstream,https://datayoshi.com/offer/399088/business-intelligence-data-eng
Northern Trust,https://careers.northerntrust.com/jobs/senior-data-engineer-23281
M&T Bank,"https://ca.indeed.com/Data-Engineer,m%26T-Bank-jobs"
Realogy Holdings,https://www.realogy.com/careers/
NCR,https://www.ncr.com/careers
T. Rowe Price,https://www.troweprice.com/corporate/us/en/careers/technology1.html
Vertex Pharmaceuticals,https://www.indeed.com/cmp/Vertex-Pharmaceuticals/salaries/Data-Engineer
Big Lots,https://www.linkedin.com/jobs/view/vp-data-engineering-21012897-at-big-lots-stores-2860309924
Ralph Lauren,https://hired.com/job/manager-big-data-architect
Ulta Beauty,https://lensa.com/sr-data-engineer-jobs/bolingbrook/jd/04dfade71c481cd4b6e96f897ac93fa1
Taylor Morrison Home,https://www.indeed.com/q-Taylor-Morrison-Home-jobs.html
Icahn Enterprises,https://careers.mountsinai.org/jobs/2719534%3Flang%3Den-us
Blackstone Group,https://hired.com/job/innovations-data-engineer-the-blackstone-group
O-I Glass,https://www.o-i.com/careers/
Fortune Brands,https://www.linkedin.com/jobs/view/data-engineer-at-fortune-brands-home-security-2904687733
NOV,https://www.nov.com/careers
Ovintiv,https://www.ovintiv.com/why-work-at-ovintiv/
Alexion Pharmaceuticals,https://alexion.com/your-career/career-opportunities
Huntsman,https://www.huntsman.com/careers
Equinix,https://www.indeed.com/cmp/Equinix/reviews%3Ffjobtitle%3DData%2BEngineer
ABM,https://www.ziprecruiter.com/Jobs/ABM-Engineering
Ingredion,https://www.ingredion.ca/content/ingredion/ingr/Careers.html
Chipotle Mexican Grill,https://jobs.chipotle.com/job/newport-beach/lead-data-engineer-remote/282/9151601808
Sinclair Broadcast Group,https://www.themuse.com/jobs/sinclairbroadcastgroup/data-engineer-06ce72
LPL Financial Holdings,https://careers.lpl.com/job/fort-mill/big-data-engineer/702/22427546112
Crown Castle International,https://lensa.com/sr-big-data-engineer-jobs/houston/jd/5a62f0be47a25a06302fc66a810abdb6
KLA,https://www.kla.com/careers
Ameren,https://www.ameren.com/company/careers/career-paths/digital
KBR,https://www.linkedin.com/jobs/view/data-engineer-remote-dex-at-kbr-inc-2905943113
Burlington Stores,https://burlingtonstores.jobs/data-engineer-ii/jobs-in/information-technology/new-jobs/
Olin,https://www.olin.edu/impact-research/career-services
CACI International,https://www.caci.jobs/data-engineer-senior/jobs-in/usa/jobs/
Post Holdings,https://jobs.postholdings.com/jobs/13476%3Flang%3Den-us
Academy Sports and Outdoors,https://lensa.com/sr-cloud-data-engineer-jobs/katy/jd/0ad085255b64517c89bb2e144d3b0e24
Arconic,https://builtin.com/company/arconic/jobs/data-analytics
Celanese,https://www.celanese.com/careers.aspx
Yum Brands,https://jobs.yum.com/jobs/digital/plano-tx-united-states/data-engineer/602%3Fgh_jid%3D
Fastenal,https://careers.fastenal.com/
Nasdaq,https://www.nasdaq.com/about/careers
Analog Devices,https://careers.analog.com/job/ANLGUS8921/Senior-Data-Engineer
McCormick,https://careers.mccormick.com/job/DELHI-Data-Engineer-DL-110037/833924700/
Carvana,https://www.linkedin.com/jobs/view/data-engineer-analytics-at-carvana-2854877789
Franklin Resources,https://jobsearcher.com/j/lead-data-engineer-at-franklin-resources-in-dallas-tx-X8WBK6a
Electronic Arts,https://ea.gr8people.com/jobs/170840/data-engineer
MDU Resources Group,https://jobs.mdu.com/PositionDetail.aspx%3FID%3D24135
Select Medical Holdings,https://careers.selectmedical.com/
Roper,https://www.linkedin.com/jobs/roper-technologies-inc-jobs
RPM International,https://rpmglobal.com/company/careers/
Cerner,https://careers.cerner.com/search%3Fjob_family_group%3DData%2B%2BAnalytics
Patterson,https://www.linkedin.com/jobs/view/f-35-data-engineer-at-booz-allen-hamilton-2806158809
Commercial Metals,https://www.cmc.com/en-US/Careers
Boise Cascade Holdings L.L.C.,https://www.bc.com/careers/
Hasbro,https://jobs.hasbro.com/job/East-Providence-Data-Engineer-Intern-Rhod/855482100/
A-Mark Precious Metals,https://www.zippia.com/a-mark-precious-metals-careers-52/
Camping World Holdings,https://lensa.com/data-engineer-jobs/concord/jd/df64f5dbdff562788e926bc6530cb044
NetApp,https://cloud.netapp.com/tlvjobs/junior-data-engineer
Avis Budget Group,https://www.indeed.com/cmp/Avis-Budget-Group/salaries/Data-Scientist
R.R. Donnelley & Sons,https://www.linkedin.com/jobs/view/data-architect-developer-at-r-r-donnelley-sons-company-2902134306
Moody's,https://www.linkedin.com/jobs/view/data-engineer-100%2525-remote-throughout-us-at-moody-s-analytics-2795968867
