playerid,name,twit_url,twit_handle,insta_url,insta_handle,twit_id,twit_followers_count,twit_tweet_count
201580,JaVale McGee,https://twitter.com/JaValeMcGee,JaValeMcGee,https://instagram.com/javalemcgee,javalemcgee,24838521,365535,12457
1626164,Devin Booker,https://twitter.com/DevinBook,DevinBook,https://instagram.com/dbook,dbook,237073728,1095730,9162
203901,Elfrid Payton,https://twitter.com/elfrid,elfrid,https://instagram.com/elfrid,elfrid,253527338,66416,10894
101108,Chris Paul,https://twitter.com/CP3,CP3,https://instagram.com/cp3,cp3,53853197,8418898,6514
1626163,Frank Kaminsky,https://twitter.com/FSKPart3,FSKPart3,https://instagram.com/fskpart3,fskpart3,135026973,211419,7091
1630188,Jalen Smith,https://twitter.com/thejalen_smith,thejalen_smith,https://instagram.com/thejalen_smith,thejalen_smith,2888477464,12582,5512
1627846,Abdel Nader,https://twitter.com/AbdelNader2,AbdelNader2,https://instagram.com/dulenader2,dulenader2,3228860910,18536,480
1630688,Ish Wainright,https://twitter.com/Wainright24,Wainright24,https://instagram.com/mailman24,mailman24,79876282,16995,26998
1629013,Landry Shamet,https://twitter.com/landryshamet,landryshamet,https://instagram.com/landryshamet,landryshamet,241692721,35800,7251
1626166,Cameron Payne,https://twitter.com/campayne,campayne,https://instagram.com/smoothcp1,smoothcp1,96706848,36256,14953
202687,Bismack Biyombo,https://twitter.com/bismackbiyombo,bismackbiyombo,https://instagram.com/bismackbiyombo,bismackbiyombo,273532957,55561,3055
203967,Dario Saric,https://twitter.com/dariosaric,dariosaric,https://instagram.com/megalodon20,megalodon20,797153299287998464,32572,10
1629028,Deandre Ayton,https://twitter.com/DeandreAyton,DeandreAyton,https://instagram.com/deandreayton,deandreayton,3834430036,128987,985
1629661,Cameron Johnson,,,https://instagram.com/camjohnson23,camjohnson23,0,0,0
1628969,Mikal Bridges,https://twitter.com/mikal_bridges,mikal_bridges,https://instagram.com/mikalbridges,mikalbridges,994335752312979463,45422,1490
203109,Jae Crowder,https://twitter.com/CJC9BOSS,CJC9BOSS,https://instagram.com/bossmann99,bossmann99,125408809,198107,8528
1629216,Gabe Vincent,https://twitter.com/iamgabevincent2,iamgabevincent2,https://instagram.com/iamgabevincent2,iamgabevincent2,747694509035753472,9071,8443
203506,Victor Oladipo,https://twitter.com/VicOladipo,VicOladipo,https://instagram.com/vicoladipo,vicoladipo,87874905,320805,4130
1629657,Kyle Guy,https://twitter.com/kylejguy,kylejguy,https://instagram.com/kylejguy,kylejguy,316855068,45522,20897
200768,Kyle Lowry,https://twitter.com/Klow7,Klow7,https://instagram.com/kyle_lowry7,kyle_lowry7,28066436,921328,7274
202693,Markieff Morris,https://twitter.com/Keefmorris,Keefmorris,https://instagram.com/keefmorris5.0,keefmorris5.0,167821244,96537,3556
1629644,KZ Okpala,https://twitter.com/kz_okpala_,kz_okpala_,https://instagram.com/kzokpala,kzokpala,3051672376,3311,28
1628389,Bam Adebayo,https://twitter.com/Bam1of1,Bam1of1,https://instagram.com/Bam1of1,Bam1of1,555653709,207339,14210
1629639,Tyler Herro,https://twitter.com/raf_tyler,raf_tyler,https://instagram.com/nolimitherro,nolimitherro,2352361094,333582,2915
1628997,Caleb Martin,https://twitter.com/Calebmartin14,Calebmartin14,https://instagram.com/caleb_martin10,caleb_martin10,538636537,13962,5742
200782,P.J. Tucker,,,https://instagram.com/pjtucker,pjtucker,0,0,0
203473,Dewayne Dedmon,https://twitter.com/d_dedmon3,d_dedmon3,https://instagram.com/d_dedmon3,d_dedmon3,249001367,17404,3949
202710,Jimmy Butler,https://twitter.com/JimmyButler,JimmyButler,https://instagram.com/jimmybutler,jimmybutler,255199842,798748,5412
1629735,Chris Silva,https://twitter.com/SilvaObame,SilvaObame,https://instagram.com/correiaysilva,correiaysilva,862216146,10438,2285
1629622,Max Strus,,,https://instagram.com/maxstrus,maxstrus,0,0,0
2617,Udonis Haslem,https://twitter.com/ThisIsUD,ThisIsUD,https://instagram.com/ud40,ud40,388014562,401130,650
1629130,Duncan Robinson,https://twitter.com/D_Bo20,D_Bo20,https://instagram.com/d_bo20,d_bo20,277095600,46566,764
1630209,Omer Yurtseven,https://twitter.com/OmerYurtseven5,OmerYurtseven5,https://instagram.com/omeryurtseven,omeryurtseven,889322832,14592,335
1630792,Malcolm Hill,https://twitter.com/Malcolmillini21,Malcolmillini21,https://instagram.com/malcolmillini21,malcolmillini21,292073449,9770,6713
1629632,Coby White,https://twitter.com/CobyWhite,CobyWhite,https://instagram.com/cobywhite,cobywhite,3051555746,67541,2991
1628366,Lonzo Ball,https://twitter.com/ZO2_,ZO2_,https://instagram.com/zo,zo,909102066,1301212,4506
1627884,Derrick Jones Jr.,https://twitter.com/TheRea1DJones,TheRea1DJones,https://instagram.com/therea1djones,therea1djones,2952137993,32852,680
1627936,Alex Caruso,https://twitter.com/ACFresh21,ACFresh21,https://instagram.com/acfresh21,acfresh21,255792011,358638,5771
1628972,Troy Brown Jr.,https://twitter.com/Troy_Brown33,Troy_Brown33,https://instagram.com/troybrown.jr,troybrown.jr,614127319,23561,6214
203897,Zach LaVine,https://twitter.com/ZachLaVine,ZachLaVine,https://instagram.com/zachlavine8,zachlavine8,405205681,526150,3788
202696,Nikola Vucevic,https://twitter.com/NikolaVucevic,NikolaVucevic,https://instagram.com/nikola9vucevic,nikola9vucevic,2423100775,161765,2007
201942,DeMar DeRozan,https://twitter.com/DeMar_DeRozan,DeMar_DeRozan,https://instagram.com/demar_derozan,demar_derozan,43658360,711504,8348
1630245,Ayo Dosunmu,https://twitter.com/AyoDos_11,AyoDos_11,https://instagram.com/ayodos_11,ayodos_11,390361409,62159,9417
1628396,Tony Bradley,https://twitter.com/ToBrad1,ToBrad1,https://instagram.com/tobrad13,tobrad13,1563943224,21701,1254
1630250,Marko Simonovic,https://twitter.com/simke12,simke12,https://instagram.com/simke_12,simke_12,322287802,3218,91
1629744,Matt Thomas,https://twitter.com/Theiceman_21,Theiceman_21,https://instagram.com/mattthomas_21,mattthomas_21,224323175,34933,3490
1629750,Javonte Green,https://twitter.com/2Xtremebounce,2Xtremebounce,https://instagram.com/savagewoo2,savagewoo2,2239445641,23463,5753
1629076,Tyler Cook,https://twitter.com/iamtc25,iamtc25,https://instagram.com/iamtc25,iamtc25,892394255699857409,15559,2753
1628035,Alfonzo McKinnie,https://twitter.com/_Alvo_,_Alvo_,https://instagram.com/_alvo_,_alvo_,234661277,19425,1425
1630172,Patrick Williams,https://twitter.com/patricklw4,patricklw4,https://instagram.com/patwilliams,patwilliams,1327014184953921537,26632,50
1627780,Gary Payton II,https://twitter.com/Garydwayne,GaryPayton,https://www.instagram.com/garydwayne,garydwayne,242982376,126886,2743
1630228,Jonathan Kuminga,https://twitter.com/JonathanKuming6,JonathanKuming6,https://instagram.com/jonathan_kuminga,jonathan_kuminga,869261925615640577,29901,540
1627814,Damion Lee,https://twitter.com/Dami0nLee,Dami0nLee,https://instagram.com/dami0nlee,dami0nlee,99208535,41076,317
1629185,Chris Chiozza,https://twitter.com/Chiozza11,Chiozza11,https://instagram.com/chiozza11,chiozza11,318181107,14264,4763
1629673,Jordan Poole,,,https://instagram.com/jordan_poole,jordan_poole,0,0,0
1630541,Moses Moody,https://twitter.com/mosesmoody,mosesmoody,https://instagram.com/mosesmoody,mosesmoody,800935000896053248,29775,1708
1626172,Kevon Looney,https://twitter.com/Loon_Rebel5,Loon_Rebel5,https://instagram.com/looney,looney,40805394,59827,2075
202357,Nemanja Bjelica,https://twitter.com/NemanjaBjelica,NemanjaBjelica,https://instagram.com/nemanjabjelica8,nemanjabjelica8,3695411717,42702,236
2738,Andre Iguodala,https://twitter.com/andre,andre,https://instagram.com/andre,andre,331283041,1328576,8649
202691,Klay Thompson,https://twitter.com/KlayThompson,KlayThompson,https://instagram.com/klaythompson,klaythompson,1703636814,1649841,605
1629683,Quinndary Weatherspoon,https://twitter.com/IAM_QUINN11,IAM_QUINN11,https://instagram.com/iamquinn_11,iamquinn_11,222840403,11500,4092
203952,Andrew Wiggins,https://twitter.com/22wiggins,22wiggins,https://instagram.com/22wiggins,22wiggins,231209225,523575,1335
203110,Draymond Green,https://twitter.com/Money23Green,Money23Green,https://instagram.com/money23green,money23green,116485600,1623570,19748
201939,Stephen Curry,https://twitter.com/StephenCurry30,StephenCurry30,https://instagram.com/stephencurry30,stephencurry30,42562446,15850303,7680
203490,Otto Porter Jr.,https://twitter.com/OttoPorter,OttoPorter,,,628179167,2291,691
1630164,James Wiseman,https://twitter.com/BigTicket_JW,BigTicket_JW,https://instagram.com/bigticket_j13,bigticket_j13,720405636182216704,61000,1032
1629308,Juan Toscano-Anderson,https://twitter.com/juanonjuan10,juanonjuan10,https://instagram.com/juanonjuan10,juanonjuan10,922918128543289349,83820,4251
1630178,Tyrese Maxey,https://twitter.com/TyreseMaxey,TyreseMaxey,https://instagram.com/tyresemaxey,tyresemaxey,2453367787,82242,7385
203083,Andre Drummond,https://twitter.com/AndreDrummond,AndreDrummond,https://instagram.com/andredrummondd,andredrummondd,244800486,848236,20852
1629619,Myles Powell,https://twitter.com/YDWILU,YDWILU,https://instagram.com/2mbp_,2mbp_,1377112092512198656,3017,47
1630198,Isaiah Joe,https://twitter.com/zai_joe1,zai_joe1,https://instagram.com/zai.joe1,zai.joe1,401513961,19808,533
1630531,Jaden Springer,,,https://instagram.com/jaden,jaden,0,0,0
202699,Tobias Harris,https://twitter.com/tobias31,tobias31,https://instagram.com/tobiasharris,tobiasharris,25015718,246819,25469
201980,Danny Green,https://twitter.com/DGreen_14,DGreen_14,https://instagram.com/greenranger14,greenranger14,269552973,634980,13206
1629718,Charlie Brown Jr.,https://twitter.com/charleskbrownjr,charleskbrownjr,https://www.instagram.com/charleskbrownjr,charleskbrownjr,3241195881,3289,6284
1629003,Shake Milton,https://twitter.com/SniperShake,SniperShake,https://instagram.com/snipershake,snipershake,295906573,26198,295
1627777,Georges Niang,https://twitter.com/GeorgesNiang20,GeorgesNiang20,https://instagram.com/georgesniang,georgesniang,234608321,85541,18125
203954,Joel Embiid,https://twitter.com/JoelEmbiid,JoelEmbiid,https://instagram.com/joelmbiid,joelmbiid,416814339,1972032,2814
1629680,Matisse Thybulle,https://twitter.com/MatisseThybulle,MatisseThybulle,https://instagram.com/theycallmetisse,theycallmetisse,2330719896,90841,1292
1629646,Charles Bassey,https://twitter.com/CB_ONES23,CB_ONES23,https://instagram.com/cb_ones23,cb_ones23,920789423951884289,4818,1975
1627732,Ben Simmons,https://twitter.com/BenSimmons25,BenSimmons25,https://instagram.com/bensimmons,bensimmons,1063034450,1028640,566
1627788,Furkan Korkmaz,https://twitter.com/FurkanKorkmaz,FurkanKorkmaz,https://instagram.com/furkankorkmaz,furkankorkmaz,851651556,101885,1138
203552,Seth Curry,https://twitter.com/sdotcurry,sdotcurry,https://instagram.com/sdotcurry,sdotcurry,39676694,341974,5766
1630194,Paul Reed,https://twitter.com/Bball_paul,Bball_paul,https://instagram.com/bball_paul,bball_paul,480386538,21148,6555
1629001,De'Anthony Melton,https://twitter.com/DeAnthonyMelton,DeAnthonyMelton,https://instagram.com/deanthonymelton,deanthonymelton,1164534054,10917,5269
203937,Kyle Anderson,https://twitter.com/KyleAnderson5,KyleAnderson5,https://instagram.com/teamslowmo,teamslowmo,86651903,54361,6018
1630214,Xavier Tillman,https://twitter.com/Rookiedunker,Rookiedunker,https://instagram.com/xavier_tillman23,xavier_tillman23,1562059801,21429,2551
1630179,Tyrell Terry,https://twitter.com/tyterry05,tyterry05,https://instagram.com/tyterry_,tyterry_,2922422651,9822,424
203500,Steven Adams,https://twitter.com/RealStevenAdams,RealStevenAdams,https://instagram.com/stevenadams,stevenadams,1253284927,214686,1643
1630582,Yves Pons,https://twitter.com/Airpons,Airpons,https://instagram.com/yves_airpons,yves_airpons,793894676,12492,82
1630583,Santi Aldama,https://twitter.com/santialdama,santialdama,https://instagram.com/santialdama,santialdama,2210523525,5675,309
1630533,Ziaire Williams,https://twitter.com/therealZiaire,therealZiaire,https://instagram.com/ziaire,ziaire,716418252277059585,20264,471
1629630,Ja Morant,https://twitter.com/JaMorant,JaMorant,https://instagram.com/jamorant,jamorant,3165563219,1565820,10486
1628991,Jaren Jackson Jr.,https://twitter.com/jarenjacksonjr,jarenjacksonjr,https://www.instagram.com/jaren,jaren,753792894486675457,166546,1959
1629634,Brandon Clarke,https://twitter.com/brandonclarke23,brandonclarke23,https://instagram.com/brandon_clarke23,brandon_clarke23,381841868,29602,769
1626145,Tyus Jones,https://twitter.com/1Tyus,1Tyus,https://instagram.com/1tyus,1tyus,393722870,157602,8513
1630217,Desmond Bane,https://twitter.com/DBane0625,DBane0625,https://instagram.com/_dbane1,_dbane1,2214875666,24763,11283
1629633,Jarrett Culver,https://twitter.com/jarrettc08,jarrettc08,https://instagram.com/jarrett_23,jarrett_23,1317724028,34031,4613
1628415,Dillon Brooks,https://twitter.com/dillonbrooks24,dillonbrooks24,https://instagram.com/dillonbrooks24,dillonbrooks24,367771939,27362,5955
1629681,Killian Tillie,https://twitter.com/KillianTillie,KillianTillie,https://instagram.com/kill_till_33,kill_till_33,1315958215,9396,1300
1629723,John Konchar,https://twitter.com/konchjitty55,konchjitty55,https://instagram.com/konchar,konchar,1029634597133451264,3509,70
201567,Kevin Love,https://twitter.com/kevinlove,kevinlove,https://instagram.com/kevinlove,kevinlove,217160945,3182644,2952
1629164,Brandon Goodwin,https://twitter.com/goodysav,goodysav,https://instagram.com/toughlay,toughlay,4068844265,14642,5617
200765,Rajon Rondo,https://twitter.com/RajonRondo,RajonRondo,https://instagram.com/rajonrondo,rajonrondo,150846769,1625572,1071
1629012,Collin Sexton,https://twitter.com/CollinSexton02,CollinSexton02,https://instagram.com/collinyoungbull,collinyoungbull,1082311439694659584,51266,243
201937,Ricky Rubio,https://twitter.com/rickyrubio9,rickyrubio9,https://instagram.com/ruuufio,ruuufio,31451582,2876797,3843
1630596,Evan Mobley,https://twitter.com/evanmobley,evanmobley,https://instagram.com/evanmobley4,evanmobley4,3285850261,34669,2059
1630612,RJ Nembhard Jr.,https://twitter.com/RubeNembhard,RubeNembhard,,,746783520,3397,6995
1630698,Kevin Pangos,https://twitter.com/KPangos,KPangos,https://instagram.com/kpangos,kpangos,257778707,31121,4070
1630205,Lamar Stevens,https://twitter.com/LamarStevens11,LamarStevens11,https://instagram.com/marstevens11,marstevens11,1022960174468931584,6401,1326
1629685,Dylan Windler,https://twitter.com/Dylan_Windler23,Dylan_Windler23,https://instagram.com/d_win23,d_win23,450775222,15858,463
1629636,Darius Garland,https://twitter.com/dariusgarland22,dariusgarland22,https://instagram.com/darius_garland,darius_garland,1367322109,49282,6819
1626224,Cedi Osman,https://twitter.com/cediosman,cediosman,https://instagram.com/cediosman,cediosman,3305641571,367198,965
202334,Ed Davis,https://twitter.com/eddavisXVII,eddavisXVII,https://instagram.com/eddavisxvii,eddavisxvii,54378594,59750,2213
1628374,Lauri Markkanen,https://twitter.com/MarkkanenLauri,MarkkanenLauri,https://instagram.com/laurimarkkanen,laurimarkkanen,935323794,105847,711
1628386,Jarrett Allen,https://twitter.com/_bigjayy_,_bigjayy_,https://instagram.com/_bigjayy_,_bigjayy_,424609982,60368,955
1629731,Dean Wade,https://twitter.com/deanwade3232,deanwade3232,https://instagram.com/deanwade32,deanwade32,1160657978,16723,5376
1630171,Isaac Okoro,https://twitter.com/isaacokoro303,isaacokoro303,https://instagram.com/isaacokoro,isaacokoro,2368216597,34310,1705
203903,Jordan Clarkson,https://twitter.com/JordanClarksons,JordanClarksons,https://instagram.com/jordanclarksons,jordanclarksons,72362869,457885,10019
1629672,Eric Paschall,https://twitter.com/epaschall,epaschall,https://instagram.com/epaschall,epaschall,207723015,51979,2688
204060,Joe Ingles,https://twitter.com/Joeingles7,Joeingles7,https://instagram.com/joeingles7,joeingles7,38026892,218762,17414
1630235,Trent Forrest,https://twitter.com/TForrest_11,TForrest_11,https://instagram.com/trentforrest,trentforrest,479066463,7576,11181
1627863,Danuel House Jr.,https://twitter.com/DanuelHouseJr,DanuelHouseJr,https://instagram.com/dk2house,dk2house,381750947,17112,6537
200752,Rudy Gay,https://twitter.com/RudyGay,RudyGay,https://instagram.com/rudygay,rudygay,37367041,1222091,5527
201144,Mike Conley,https://twitter.com/mconley11,mconley11,https://instagram.com/mac10,mac10,59297233,536437,4459
1630215,Jared Butler,https://twitter.com/J_Hooper11,J_Hooper11,https://instagram.com/_xjaredx_,_xjaredx_,1611022940,13386,3288
1628962,Udoka Azubuike,https://twitter.com/udoka35,udoka35,https://instagram.com/udoka_azubuike,udoka_azubuike,2866061922,8427,167
202355,Hassan Whiteside,https://twitter.com/youngwhiteside,youngwhiteside,https://instagram.com/hassanwhiteside,hassanwhiteside,149308566,178757,4027
1626220,Royce O'Neale,https://twitter.com/BucketsONeale00,BucketsONeale00,https://instagram.com/rolls_royce00,rolls_royce00,289760136,48316,25480
203497,Rudy Gobert,https://twitter.com/rudygobert27,rudygobert27,https://instagram.com/rudygobert27,rudygobert27,609548724,576242,5414
1630190,Elijah Hughes,https://twitter.com/elijahhughes4_,elijahhughes4_,https://instagram.com/_elijahhughes,_elijahhughes,2214794818,10739,11173
202711,Bojan Bogdanovic,https://twitter.com/44Bojan,44Bojan,https://instagram.com/44bojan,44bojan,1242198056,25153,121
1628378,Donovan Mitchell,https://twitter.com/spidadmitchell,spidadmitchell,https://instagram.com/spidadmitchell,spidadmitchell,488026266,1149944,4731
1628425,Sterling Brown,https://twitter.com/thatnegus_sb,thatnegus_sb,https://instagram.com/sb23_thegeneral,sb23_thegeneral,334148848,7264,4805
203504,Trey Burke,https://twitter.com/TreyBurke,TreyBurke,https://instagram.com/treyburke,treyburke,334150573,160949,2470
204001,Kristaps Porzingis,https://twitter.com/kporzee,kporzee,https://instagram.com/kporzee,kporzee,222932212,375382,1621
203939,Dwight Powell,https://twitter.com/DwightPowell33,DwightPowell33,https://instagram.com/dwightpowell,dwightpowell,2445047678,16183,94
1630182,Josh Green,https://twitter.com/JoshBGreen,JoshBGreen,https://instagram.com/joshgreen,joshgreen,3255273577,24238,1736
1629650,Moses Brown,https://twitter.com/MosesBrown_,MosesBrown_,https://instagram.com/moses_tv,moses_tv,1032124585880248320,1068,24
1627827,Dorian Finney-Smith,https://twitter.com/doefinney_10,doefinney_10,https://instagram.com/doedoe_10,doedoe_10,3613501949,15306,228
203501,Tim Hardaway Jr.,https://twitter.com/t_hardjr,HardawaySr,https://www.instagram.com/timmyjr10,timmyjr10,1042558487429967872,3556,304
1628973,Jalen Brunson,https://twitter.com/jalenbrunson1,jalenbrunson1,https://instagram.com/jalenbrunson1,jalenbrunson1,1463892300,49442,4658
1628373,Frank Ntilikina,https://twitter.com/FrankLikina,FrankLikina,https://instagram.com/frank_ntilikina,frank_ntilikina,772164285388709888,86362,594
1629033,Theo Pinson,https://twitter.com/tpinsonn,tpinsonn,https://instagram.com/tpinsonn,tpinsonn,257492235,80958,7962
203493,Reggie Bullock,https://twitter.com/ReggieBullock35,ReggieBullock35,https://instagram.com/y0bull,y0bull,91225009,101219,16587
1627737,Marquese Chriss,https://twitter.com/quese,quese,https://instagram.com/quese,quese,1039001280,34049,22110
1628467,Maxi Kleber,https://twitter.com/MaxiKleber,MaxiKleber,https://instagram.com/maximilian.kleber,maximilian.kleber,888161623155896321,15987,28
1626246,Boban Marjanovic,https://twitter.com/BobanMarjanovic,BobanMarjanovic,https://instagram.com/boban,boban,1031967637561954304,108789,210
1629029,Luka Doncic,https://twitter.com/luka7doncic,luka7doncic,https://instagram.com/lukadoncic,lukadoncic,460116210,1434959,4328
1628978,Donte DiVincenzo,https://twitter.com/Divincenzo,Divincenzo,https://instagram.com/divincenzo,divincenzo,1248694675453681665,15795,161
201588,George Hill,https://twitter.com/George_Hill3,George_Hill3,https://instagram.com/indianageorge3,indianageorge3,87080278,230224,13339
203918,Rodney Hood,https://twitter.com/rodneyhood,rodneyhood,https://instagram.com/hoodie5,hoodie5,4837832648,47363,107
1628960,Grayson Allen,https://twitter.com/GraysonJAllen,GraysonJAllen,https://instagram.com/graysonjallen,graysonjallen,608751926,257453,4945
1626171,Bobby Portis,https://twitter.com/BPortistime,BPortistime,https://instagram.com/bportistime,bportistime,294380360,148002,5325
201572,Brook Lopez,https://twitter.com/RealBrookLopez,RealBrookLopez,,,626498180,1525,72
1629670,Jordan Nwora,https://twitter.com/JordanNwora,JordanNwora,https://instagram.com/jordannwora,jordannwora,585978299,30543,5424
201950,Jrue Holiday,https://twitter.com/Jrue_Holiday11,Jrue_Holiday11,https://instagram.com/jrue_holiday11,jrue_holiday11,309516587,187681,3537
203114,Khris Middleton,https://twitter.com/Khris22m,Khris22m,https://instagram.com/k_mid22,k_mid22,58667088,105501,2813
202083,Wesley Matthews,https://twitter.com/WessyWes23,WessyWes23,https://instagram.com/wessywes23,wessywes23,232049361,248602,6473
1626192,Pat Connaughton,https://twitter.com/pconnaughton,pconnaughton,https://instagram.com/patconnaughton,patconnaughton,347265384,75357,6703
1629623,Lindell Wigginton,https://twitter.com/Lwigginton5,Lwigginton5,https://instagram.com/rnstmojo,rnstmojo,371045117,10050,6913
203507,Giannis Antetokounmpo,https://twitter.com/Giannis_An34,Giannis_An34,https://instagram.com/Giannis_An34,Giannis_An34,2279776304,2124614,1618
1628400,Semi Ojeleye,https://twitter.com/semi,semi,https://instagram.com/semi,semi,137583689,34434,720
203648,Thanasis Antetokounmpo,https://twitter.com/Thanasis_ante43,Thanasis_ante43,https://instagram.com/thanasis_ante43,thanasis_ante43,334629775,85051,9534
1630572,Sandro Mamukelashvili,https://twitter.com/Mamukelashvili5,Mamukelashvili5,https://instagram.com/ma23mu,ma23mu,3080415491,7329,2072
1630210,Markus Howard,https://twitter.com/markushoward11,markushoward11,https://instagram.com/markus.howard,markus.howard,515871694,11095,4620
203210,JaMychal Green,https://twitter.com/Jmyke1,Jmyke1,https://instagram.com/roadtoriches_0,roadtoriches_0,171774400,17658,14235
1629008,Michael Porter Jr.,,,https://instagram.com/mpj,mpj,0,0,0
1630538,Bones Hyland,https://twitter.com/BizzyBones11,BizzyBones11,,,2276214167,24369,7211
202326,DeMarcus Cousins,https://twitter.com/boogiecousins,boogiecousins,https://instagram.com/boogiecousins,boogiecousins,132752344,1251129,6131
203115,Will Barton,https://twitter.com/WillTheThrillB5,WillTheThrillB5,https://www.instagram.com/willthethrillb5,willthethrillb5,529603839,46359,10988
1630267,Facundo Campazzo,https://twitter.com/facucampazzo,facucampazzo,https://instagram.com/facucampazzo,facucampazzo,351118737,395284,3710
1627854,Bryn Forbes,https://twitter.com/BrynjForbes,BrynjForbes,https://instagram.com/brynforbes,brynforbes,510401871,20781,1124
1628432,Davon Reed,https://twitter.com/ClutchREED_5,ClutchREED_5,https://instagram.com/clutchreed_5,clutchreed_5,369682039,5210,19468
1628420,Monte Morris,https://twitter.com/BigGameTae,BigGameTae,https://instagram.com/biggametae,biggametae,1108090623884705794,20405,2062
203999,Nikola Jokic,https://twitter.com/JokicNikola15,JokicNikola15,https://instagram.com/nikolajokicofficial,nikolajokicofficial,1283904777492017160,564,0
1630192,Zeke Nnaji,https://twitter.com/ZekeNnaji_Hoopz,ZekeNnaji_Hoopz,https://instagram.com/zekennaji,zekennaji,725874444674187264,8173,503
203085,Austin Rivers,https://twitter.com/AustinRivers25,AustinRivers25,https://instagram.com/austinjrivers,austinjrivers,156521166,288065,3655
1627750,Jamal Murray,https://twitter.com/BeMore27,BeMore27,https://instagram.com/bemore27,bemore27,3184000707,265244,1074
1628427,Vlatko Cancar,https://twitter.com/CancarVlatko,CancarVlatko,https://instagram.com/cancar31,cancar31,975483243972751363,3693,141
201145,Jeff Green,https://twitter.com/unclejeffgreen,unclejeffgreen,https://instagram.com/unclejeffgreen,unclejeffgreen,363365354,155707,14539
203932,Aaron Gordon,https://twitter.com/Double0AG,Double0AG,https://instagram.com/aarongordon,aarongordon,614024492,198227,2533
1628975,Jevon Carter,https://twitter.com/nextlevel_03,nextlevel_03,https://instagram.com/nexylevel_03,nexylevel_03,1011647002776670209,25529,1538
1628971,Bruce Brown,https://twitter.com/BruceBrown11,BruceBrown11,https://instagram.com/brucebrown11,brucebrown11,362258536,11718,2474
201933,Blake Griffin,https://twitter.com/blakegriffin23,blakegriffin23,https://instagram.com/blakegriffin23,blakegriffin23,34430522,4477302,2832
1630561,David Duke Jr.,https://twitter.com/daviddukejr,daviddukejr,https://instagram.com/daviddukejr,daviddukejr,1431604940,8534,1772
201142,Kevin Durant,https://twitter.com/KDTrey5,KDTrey5,https://instagram.com/easymoneysniper,easymoneysniper,35936474,19547425,24487
201988,Patty Mills,https://twitter.com/Patty_Mills,Patty_Mills,https://instagram.com/balapat,balapat,48176112,423197,16997
202681,Kyrie Irving,https://twitter.com/KyrieIrving,KyrieIrving,https://instagram.com/kyrieirving,kyrieirving,317370751,4391841,3372
203925,Joe Harris,,,https://instagram.com/joeharris__12,joeharris__12,0,0,0
201935,James Harden,https://twitter.com/JHarden13,JHarden13,https://instagram.com/jharden13,jharden13,50811932,7403988,13295
1630556,Kessler Edwards,https://twitter.com/KesslerEdwards,KesslerEdwards,https://instagram.com/kessleredwards,kessleredwards,718577268,2089,539
201949,James Johnson,https://twitter.com/IamJJ16,IamJJ16,https://instagram.com/james16johnson_,james16johnson_,3033470114,26403,496
1630549,Day'Ron Sharpe,https://twitter.com/dayron_sharpe,dayron_sharpe,https://instagram.com/d.sharpe23,d.sharpe23,3355932731,5506,233
200746,LaMarcus Aldridge,https://twitter.com/aldridge_12,aldridge_12,https://instagram.com/aldridge_121,aldridge_121,248829112,748696,3480
1630560,Cam Thomas,https://twitter.com/24_camthomas,24_camthomas,https://instagram.com/cam.__thomas,cam.__thomas,3135356688,12017,965
200794,Paul Millsap,https://twitter.com/Paulmillsap4,Paulmillsap4,https://instagram.com/paulmillsap4,paulmillsap4,1009296320,77306,823
1629651,Nic Claxton,https://twitter.com/_claxton33,_claxton33,https://instagram.com/nicolasclaxton,nicolasclaxton,2287613209,12905,442
1627761,DeAndre' Bembry,,,https://instagram.com/fearthefro95,fearthefro95,0,0,0
1630206,Jay Scrubb,https://twitter.com/jayscrubb,jayscrubb,https://instagram.com/jayscrubb,jayscrubb,758169362964643840,8562,1735
202704,Reggie Jackson,https://twitter.com/Reggie_Jackson,Reggie_Jackson,https://instagram.com/reggie_jackson,reggie_jackson,266819783,115513,5122
202695,Kawhi Leonard,https://twitter.com/kawhileonard,kawhileonard,,,2584213500,476554,4
1630527,Brandon Boston Jr.,https://twitter.com/bboston_,bboston_,https://instagram.com/brandonboston,brandonboston,3426779775,29891,1207
1628379,Luke Kennard,https://twitter.com/LukeKennard5,LukeKennard5,https://instagram.com/lukekennard5,lukekennard5,1708510310,91473,4092
1629599,Amir Coffey,https://twitter.com/coffeyshop_,coffeyshop_,https://instagram.com/coffeyshop,coffeyshop,532817694,9935,3341
202694,Marcus Morris Sr.,https://twitter.com/MookMorris2,MookMorris2,https://instagram.com/foestar13,foestar13,143203547,154918,3758
201586,Serge Ibaka,https://twitter.com/sergeibaka,sergeibaka,https://instagram.com/sergeibaka,sergeibaka,80480330,910298,7544
202339,Eric Bledsoe,https://twitter.com/EBled2,EBled2,https://instagram.com/thebledshow,thebledshow,98576365,236241,4688
202331,Paul George,https://twitter.com/Yg_Trece,Yg_Trece,https://instagram.com/ygtrece,ygtrece,53643297,2404589,16928
1629611,Terance Mann,https://twitter.com/terance_mann,terance_mann,https://instagram.com/terance,terance,920109486899105792,23740,2010
1630554,Jason Preston,https://twitter.com/Treballjay11,Treballjay11,https://instagram.com/jasonpreston0,jasonpreston0,1488144572,17418,4043
1626159,Justise Winslow,https://twitter.com/IAmJustise,IAmJustise,https://instagram.com/iamjustise,iamjustise,230278157,121565,9046
201587,Nicolas Batum,https://twitter.com/nicolas88batum,nicolas88batum,https://instagram.com/nicbatum88,nicbatum88,164326175,1017031,9155
1627826,Ivica Zubac,https://twitter.com/ivicazubac,ivicazubac,https://instagram.com/ivicazubac,ivicazubac,3081680043,112543,493
1630553,Keon Johnson,https://twitter.com/iamkeonjohnson,iamkeonjohnson,https://instagram.com/iamkeonjohnson,iamkeonjohnson,4093936519,9941,716
1628392,Isaiah Hartenstein,https://twitter.com/Ipjh55,Ipjh55,https://instagram.com/ipjh55,ipjh55,3855639340,6001,110
1628970,Miles Bridges,https://twitter.com/MilesBridges,MilesBridges,https://instagram.com/milesbridges,milesbridges,276259411,163533,19501
1630163,LaMelo Ball,https://twitter.com/MELOD1P,MELOD1P,https://instagram.com/melo,melo,1553895072,993276,2482
1626179,Terry Rozier,https://twitter.com/T_Rozzay3,T_Rozzay3,,,188120286,180898,23400
1630547,James Bouknight,https://twitter.com/jam3s210,jam3s210,https://instagram.com/james.bouknight,james.bouknight,3308384151,13118,647
1629667,Jalen McDaniels,https://twitter.com/jalenmcdaniels5,jalenmcdaniels5,https://instagram.com/jalenmcdaniels,jalenmcdaniels,292728194,3430,5196
202397,Ish Smith,https://twitter.com/IshSmith,IshSmith,https://instagram.com/ishsmith5,ishsmith5,925030084276301830,5590,53
1628998,Cody Martin,https://twitter.com/cody_martin15,cody_martin15,https://instagram.com/cody_martin15,cody_martin15,725760931616165889,5841,176
1626162,Kelly Oubre Jr.,https://twitter.com/KELLYOUBREJR,KELLYOUBREJR,https://instagram.com/kellyoubrejr,kellyoubrejr,273080747,141470,10652
1630208,Nick Richards,https://twitter.com/iamnickrichards,iamnickrichards,https://instagram.com/nickrichards_,nickrichards_,2459069099,42424,1411
1630575,Scottie Lewis,https://twitter.com/Scottie23L,Scottie23L,https://instagram.com/scottie.23,scottie.23,2993048559,10905,1168
202330,Gordon Hayward,https://twitter.com/gordonhayward,gordonhayward,https://instagram.com/gordonhayward,gordonhayward,46704247,657435,2803
1630550,JT Thor,https://twitter.com/thorrjt,thorrjt,https://instagram.com/jt.bandz,jt.bandz,705482820064415744,4545,448
1630176,Vernon Carey Jr.,https://twitter.com/vernoncarey22,vernoncarey22,https://instagram.com/vernon,vernon,3460451776,22012,1311
1630539,Kai Jones,https://twitter.com/242_jones,242_jones,https://instagram.com/kaijones242,kaijones242,2296356569,6768,2817
203486,Mason Plumlee,https://twitter.com/masonplumlee,masonplumlee,https://instagram.com/masonplumlee,masonplumlee,190059955,82680,1465
1629023,P.J. Washington,https://twitter.com/PJWashington,PJWashington,https://instagram.com/pj_washington,pj_washington,898070401,97154,15077
1629083,Arnoldas Kulboka,https://twitter.com/kulboka98,kulboka98,https://instagram.com/kulboka8,kulboka8,2733285965,1747,265
1626156,D'Angelo Russell,https://twitter.com/Dloading,Dloading,https://instagram.com/dloading,dloading,348288809,633633,1191
1630162,Anthony Edwards,https://twitter.com/theantedwards_,theantedwards_,https://instagram.com/theanthonyedwards_,theanthonyedwards_,889153467578798080,99419,335
1630183,Jaden McDaniels,https://twitter.com/Jmcdaniels7,Jmcdaniels7,https://instagram.com/therealjadenmcdaniels,therealjadenmcdaniels,3650897294,9994,338
1629669,Jaylen Nowell,https://twitter.com/JaylenNowell,JaylenNowell,https://instagram.com/jaylennowell,jaylennowell,1734299208,8059,1493
1627736,Malik Beasley,,,https://instagram.com/mbeasy5,mbeasy5,0,0,0
1629162,Jordan McLaughlin,https://twitter.com/itsmclaughlin11,itsmclaughlin11,https://instagram.com/itsmclaughlin11,itsmclaughlin11,214789418,6702,30862
1629020,Jarred Vanderbilt,https://twitter.com/JVando,JVando,https://instagram.com/jvando_,jvando_,320758559,51433,7931
1630195,Leandro Bolmaro,https://twitter.com/BolmaroLeandro,BolmaroLeandro,https://instagram.com/leandro_bolmaro,leandro_bolmaro,883774444656898049,16053,435
1627774,Jake Layman,https://twitter.com/JLayman10,JLayman10,https://instagram.com/j_lay_lay,j_lay_lay,560500094,17042,326
1629675,Naz Reid,https://twitter.com/NazReid,NazReid,https://instagram.com/hollywood.naz,hollywood.naz,2989872975,7053,2367
1627752,Taurean Prince,https://twitter.com/taureanprince,taureanprince,https://instagram.com/taureanprince,taureanprince,704143071248658432,14660,5090
1630233,Nathan Knight,https://twitter.com/nateknght,nateknght,https://instagram.com/nateknght,nateknght,3207459490,3778,312
1629006,Josh Okogie,https://twitter.com/CallMe_NonStop,CallMe_NonStop,https://instagram.com/callme_nonstop,callme_nonstop,309810799,25724,9346
201976,Patrick Beverley,https://twitter.com/patbev21,patbev21,https://instagram.com/patbev21,patbev21,92337777,274383,9943
1630593,McKinley Wright IV,https://twitter.com/kin_wright25,kin_wright25,https://instagram.com/showtime_kin25,showtime_kin25,1069126440,9249,30004
1626157,Karl-Anthony Towns,https://twitter.com/KarlTowns,KarlTowns,https://instagram.com/karltowns,karltowns,73495696,649939,6359
201609,Goran Dragic,https://twitter.com/Goran_Dragic,Goran_Dragic,https://instagram.com/the_1_dragon,the_1_dragon,356859571,373230,3306
1628384,OG Anunoby,https://twitter.com/OAnunoby,OAnunoby,https://instagram.com/oanunoby,oanunoby,330590874,55235,250
1630567,Scottie Barnes,https://twitter.com/ScottBarnes561,ScottBarnes561,https://instagram.com/ya.boy.scottie,ya.boy.scottie,3545045053,42133,266
1630173,Precious Achiuwa,https://twitter.com/PreciousAchiuwa,PreciousAchiuwa,https://instagram.com/PreciousAchiuwa,PreciousAchiuwa,3422695780,29224,355
1630551,Justin Champagnie,https://twitter.com/JusChampagnie,JusChampagnie,https://instagram.com/jchampagnie,jchampagnie,888390873196752897,4917,197
1630525,David Johnson,https://twitter.com/davidjohnson13,davidjohnson13,https://www.instagram.com/davidjohnson13,davidjohnson13,571299510,9488,1096
1629004,Svi Mykhailiuk,https://twitter.com/Sviat_10,Sviat_10,https://instagram.com/Sviat_10,Sviat_10,2766430999,46752,389
1629067,Isaac Bonga,https://twitter.com/isaacbonga,isaacbonga,https://instagram.com/izzy_b99,izzy_b99,822469101620723717,8652,74
1629139,Yuta Watanabe,https://twitter.com/wacchi1013,wacchi1013,https://instagram.com/yutawatanabe12,yutawatanabe12,457459276,188203,4029
1630201,Malachi Flynn,https://twitter.com/malachiflynn,malachiflynn,https://instagram.com/malachiflynn,malachiflynn,889276999,12706,1802
1627832,Fred VanVleet,https://twitter.com/FredVanVleet,FredVanVleet,https://instagram.com/fredvanvleet,fredvanvleet,339241519,187082,6846
203920,Khem Birch,https://twitter.com/Khem_Birch,Khem_Birch,https://instagram.com/khembirch,khembirch,141090757,14764,182
1628449,Chris Boucher,https://twitter.com/chrisboucher,chrisboucher,https://instagram.com/slimmduck,slimmduck,852206745070051328,27848,234
1629018,Gary Trent Jr.,https://twitter.com/gtrentjr,gtrentjr,https://instagram.com/gtrentjr,gtrentjr,1306089967,78972,7543
1627783,Pascal Siakam,https://twitter.com/pskills43,pskills43,https://instagram.com/pskills43,pskills43,1546561830,144298,1670
1630625,Dalano Banton,https://twitter.com/DALANOBANTON,DALANOBANTON,https://instagram.com/_dubberdon,_dubberdon,1116493218512764928,8717,52
201566,Russell Westbrook,https://twitter.com/russwest44,russwest44,https://instagram.com/russwest44,russwest44,35982046,6845384,5969
2772,Trevor Ariza,https://twitter.com/TrevorAriza,TrevorAriza,https://instagram.com/trevrizza1,trevrizza1,69500255,71428,2635
201961,Wayne Ellington,https://twitter.com/WayneEllington,WayneEllington,https://instagram.com/wayneellington,wayneellington,372439064,51482,1800
203076,Anthony Davis,https://twitter.com/AntDavis23,AntDavis23,https://instagram.com/antdavis23,antdavis23,159113258,2185460,4938
1629659,Talen Horton-Tucker,https://twitter.com/Thortontucker,Thortontucker,https://instagram.com/5talen,5talen,2272672902,81790,21012
2544,LeBron James,https://twitter.com/KingJames,KingJames,https://instagram.com/kingjames,kingjames,23083404,50812077,8262
2546,Carmelo Anthony,https://twitter.com/carmeloanthony,carmeloanthony,https://instagram.com/carmeloanthony,carmeloanthony,42384760,9276687,3332
203145,Kent Bazemore,https://twitter.com/24Bazemore,24Bazemore,https://instagram.com/24baze,24baze,29356531,78410,2296
201599,DeAndre Jordan,https://twitter.com/DeAndre,DeAndre,https://instagram.com/deandre,deandre,47506568,1155673,9970
1628370,Malik Monk,https://twitter.com/AhmadMonk,AhmadMonk,https://instagram.com/ahmad_monk,ahmad_monk,552289108,153744,395
1629134,Kendrick Nunn,https://twitter.com/nunnbetter_,nunnbetter_,https://instagram.com/nunnbetter_,nunnbetter_,108147336,38424,9111
1626169,Stanley Johnson,https://twitter.com/iAmSJ,iAmSJ,https://instagram.com/stanimal,stanimal,1323936524,58121,8014
1630559,Austin Reaves,,,https://instagram.com/austinreaves12,austinreaves12,0,0,0
202340,Avery Bradley,https://twitter.com/Avery0Bradley,Avery0Bradley,,,4839997276,3551,54
2730,Dwight Howard,https://twitter.com/DwightHoward,DwightHoward,https://instagram.com/dwighthoward,dwighthoward,16812787,6383574,23534
1630222,Mason Jones,https://twitter.com/masonjones2,masonjones2,https://instagram.com/_masonjones15,_masonjones15,298890611,15759,10305
1629635,Sekou Doumbouya,https://twitter.com/sekou_doums,sekou_doums,https://instagram.com/sekou_doumbouya_,sekou_doumbouya_,3327978010,26342,191
1628369,Jayson Tatum,https://twitter.com/jaytatum0,jaytatum0,https://instagram.com/jaytatum0,jaytatum0,448562247,885260,17711
1628408,P.J. Dozier,https://twitter.com/Dozier_Kid,Dozier_Kid,https://instagram.com/dozier_kid,dozier_kid,498470505,19802,1022
1627759,Jaylen Brown,https://twitter.com/FCHWPO,FCHWPO,https://instagram.com/fchwpo,fchwpo,419181069,492563,3181
1626196,Josh Richardson,https://twitter.com/J_Rich1,J_Rich1,https://instagram.com/jrich_0,jrich_0,61288678,79151,13996
1629641,Romeo Langford,https://twitter.com/yeahyeah22,yeahyeah22,https://instagram.com/yeahyeah22,yeahyeah22,3371792158,58043,5071
1629626,Bol Bol,https://twitter.com/BolBol,BolBol,https://instagram.com/bolbol,bolbol,186981881,83281,105
1630202,Payton Pritchard,https://twitter.com/paytonpritch3,paytonpritch3,https://instagram.com/paytonpritch3,paytonpritch3,533340704,43352,3527
1629684,Grant Williams,https://twitter.com/Grant2Will,Grant2Will,https://instagram.com/grantwill2,grantwill2,1005432853,72477,6416
202683,Enes Freedom,https://twitter.com/EnesFreedom,EnesFreedom,https://instagram.com/enesfreedom,enesfreedom,302111485,600070,11883
1630174,Aaron Nesmith,https://twitter.com/aaronnesmith24,aaronnesmith24,https://instagram.com/aaron_nesmith,aaron_nesmith,1328824678807465987,22921,31
1628981,Bruno Fernando,https://twitter.com/BrunoFernandoMV,BrunoFernandoMV,https://instagram.com/the_angolan_bf,the_angolan_bf,3371781221,22965,1863
1630573,Sam Hauser,https://twitter.com/Big_Smooth10,Big_Smooth10,https://instagram.com/sam.hauser_,sam.hauser_,594908495,8971,4609
203935,Marcus Smart,https://twitter.com/smart_MS3,smart_MS3,https://instagram.com/youngamechanger,youngamechanger,543954514,340383,3209
201143,Al Horford,https://twitter.com/Al_Horford,Al_Horford,https://instagram.com/alhorford,alhorford,78193153,355501,4534
1629057,Robert Williams III,https://twitter.com/rob_williamsIII,rob_williamsIII,https://instagram.com/williams.lll,williams.lll,301680035,48692,5718
203471,Dennis Schroder,https://twitter.com/DennisMike93,DennisMike93,https://instagram.com/ds17_fg,ds17_fg,1171330003629273088,81,0
1630271,Brodric Thomas,,,https://instagram.com/best_as_can_bt3,best_as_can_bt3,0,0,0
203081,Damian Lillard,https://twitter.com/Dame_Lillard,Dame_Lillard,https://instagram.com/damianlillard,damianlillard,267425142,2955160,24549
1629014,Anfernee Simons,https://twitter.com/AnferneeSimons,AnferneeSimons,https://instagram.com/antsimons,antsimons,236155682,32963,1389
1630570,Trendon Watford,https://twitter.com/trendonw,trendonw,https://instagram.com/trendonw,trendonw,2309475188,16233,1663
203468,CJ McCollum,https://twitter.com/CJMcCollum,CJMcCollum,https://instagram.com/3jmccollum,3jmccollum,92903456,579318,20795
1630535,Greg Brown III,https://twitter.com/gb3elite,gb3elite,https://instagram.com/greg.brown03,greg.brown03,811761399647059968,22313,15508
1629642,Nassir Little,https://twitter.com/2ez_nassie,2ez_nassie,https://instagram.com/nassir,nassir,2516401399,42731,9735
1628372,Dennis Smith Jr.,https://twitter.com/Dennis1SmithJr,Dennis1SmithJr,https://instagram.com/desmith4,desmith4,311623066,182966,30012
1626204,Larry Nance Jr.,https://twitter.com/Larrydn22,Larrydn22,https://www.instagram.com/larrydn7/,larrydn7,191165672,314160,3377
1629604,CJ Elleby,https://twitter.com/EllebyCj,EllebyCj,https://instagram.com/cjelleby,cjelleby,2399027815,6034,747
203503,Tony Snell,https://twitter.com/TonySnell21_,TonySnell21_,https://instagram.com/t.snell_,t.snell_,1413547332,21348,50
1629833,Keljin Blevins,https://twitter.com/KBlevs02,KBlevs02,https://instagram.com/kelblev_,kelblev_,359629667,2493,3887
203463,Ben McLemore,https://twitter.com/BenMcLemore,BenMcLemore,https://instagram.com/b_mclemore23,b_mclemore23,364970961,102203,2667
1626181,Norman Powell,https://twitter.com/npowell2404,npowell2404,https://instagram.com/normanpowell4,normanpowell4,155674676,76601,3393
203994,Jusuf Nurkic,https://twitter.com/bosnianbeast27,bosnianbeast27,https://instagram.com/bosnianbeast27,bosnianbeast27,487962301,135178,5951
203496,Robert Covington,https://twitter.com/Holla_At_Rob33,Holla_At_Rob33,https://instagram.com/atf_33,atf_33,233810051,107524,11974
203469,Cody Zeller,https://twitter.com/CodyZeller,CodyZeller,https://instagram.com/codyzeller,codyzeller,259030794,142885,1075
1626153,Delon Wright,https://twitter.com/delonwright,delonwright,https://instagram.com/delonwright,delonwright,3225971468,33196,1104
1630552,Jalen Johnson,https://twitter.com/Jalen_J23,Jalen_J23,https://instagram.com/jalenjohnson,jalenjohnson,2944276021,22738,1671
1630536,Sharife Cooper,https://twitter.com/SharifeCooper,SharifeCooper,https://instagram.com/sharife.cooper,sharife.cooper,3323463010,74401,2306
1628989,Kevin Huerter,https://twitter.com/KevinHuerter,KevinHuerter,https://instagram.com/kevin_huerter,kevin_huerter,551374030,39448,3744
1630219,Skylar Mays,https://twitter.com/skylarmays4,skylarmays4,https://instagram.com/skylarmays,skylarmays,1129909087968387073,4159,1068
101150,Lou Williams,https://twitter.com/TeamLou23,TeamLou23,https://instagram.com/louwillville,louwillville,62203990,298915,23834
1627789,Timothe Luwawu-Cabarrot,https://twitter.com/timcabs,timcabs,https://instagram.com/7tlc,7tlc,3226630966,24830,247
201568,Danilo Gallinari,https://twitter.com/gallinari8888,gallinari8888,https://instagram.com/danilogallogallinari,danilogallogallinari,70926844,691062,7367
203476,Gorgui Dieng,https://twitter.com/GorguiDieng,GorguiDieng,https://instagram.com/gorguidieng,gorguidieng,1358510274,61952,1239
1629027,Trae Young,https://twitter.com/TheTraeYoung,TheTraeYoung,https://instagram.com/traeyoung,traeyoung,2842841126,1306297,9107
1629631,De'Andre Hunter,https://twitter.com/DreHunter,DreHunter,https://instagram.com/drehunter,drehunter,1119732410223079424,14575,118
203992,Bogdan Bogdanovic,https://twitter.com/LeaderOfHorde,LeaderOfHorde,https://instagram.com/bogdanbogdanovic,bogdanbogdanovic,2385272859,284834,1928
203991,Clint Capela,https://twitter.com/CapelaClint,CapelaClint,https://instagram.com/ccapela15,ccapela15,1596720342,92670,1028
1630168,Onyeka Okongwu,https://twitter.com/BigO21_,BigO21_,https://instagram.com/big0,big0,1496970942,29990,2846
1628381,John Collins,https://twitter.com/jcollins20_,jcollins20_,https://instagram.com/jcollins20_,jcollins20_,466241497,33760,1813
1628995,Kevin Knox II,https://twitter.com/KevKnox,KevKnox,https://instagram.com/kevinknox,kevinknox,3184977160,86683,2664
1629022,Lonnie Walker IV,https://twitter.com/lonniewalker_4,lonniewalker_4,https://instagram.com/buddah,buddah,1470978146,65449,11950
1629640,Keldon Johnson,https://twitter.com/imthe_truth32,imthe_truth32,https://instagram.com/keldonjohnson,keldonjohnson,838674860,1187,82
1628401,Derrick White,https://twitter.com/Dwhite921,Dwhite921,https://instagram.com/dwhite921,dwhite921,100874855,30307,5092
1627749,Dejounte Murray,https://twitter.com/DejounteMurray,DejounteMurray,https://instagram.com/dejountemurray,dejountemurray,1005789476,171656,19584
1630563,Joshua Primo,https://twitter.com/JoshuaPrimo4,JoshuaPrimo4,https://instagram.com/josh.primoo,josh.primoo,879537192573562881,10132,61
1629234,Drew Eubanks,https://twitter.com/DrewEubanks12,DrewEubanks12,https://instagram.com/drewdatower,drewdatower,70579753,5202,482
1630580,Joe Wieskamp,https://twitter.com/JWieskamp21,JWieskamp21,https://instagram.com/wiesy10,wiesy10,464968781,12684,466
203926,Doug McDermott,https://twitter.com/dougmcdermott,dougmcdermott,https://instagram.com/dougmcd03,dougmcd03,85617701,137072,4284
1629719,Devontae Cacok,https://twitter.com/Vontae__15,Vontae__15,https://instagram.com/vontae_15,vontae_15,706224606,10239,7360
1628380,Zach Collins,https://twitter.com/zcollins_33,zcollins_33,https://instagram.com/zachcollins_33,zachcollins_33,358938695,31136,15158
1630170,Devin Vassell,https://twitter.com/Yvngdevo,Yvngdevo,https://instagram.com/devin_vassell,devin_vassell,2342361019,14881,1698
1627751,Jakob Poeltl,https://twitter.com/JakobPoeltl,JakobPoeltl,https://instagram.com/jakob,jakob,3098308942,1671,0
201152,Thaddeus Young,https://twitter.com/yungsmoove21,yungsmoove21,https://instagram.com/thad.young21,thad.young21,54780126,69364,9107
1628966,Keita Bates-Diop,https://twitter.com/KBD_33,KBD_33,https://instagram.com/keitabd,keitabd,561653498,11093,2137
1630200,Tre Jones,https://twitter.com/Tre3Jones,Tre3Jones,https://instagram.com/trejones03,trejones03,1015336832786190339,26279,1086
1629111,Jock Landale,https://twitter.com/JockLandale,JockLandale,https://instagram.com/jocklandale,jocklandale,1097240688662638594,10957,587
1627823,Juancho Hernangomez,https://twitter.com/juanchiviris41,juanchiviris41,https://instagram.com/juanchiviri41,juanchiviri41,1628495018,44920,2119
203484,Kentavious Caldwell-Pope,https://twitter.com/CaldwellPope,CaldwellPope,https://instagram.com/caldwellpope,caldwellpope,1096007496,106815,312
203078,Bradley Beal,https://twitter.com/RealDealBeal23,RealDealBeal23,https://instagram.com/bradbeal3,bradbeal3,153307097,670348,19744
1628988,Aaron Holiday,,,https://instagram.com/the_4th_holiday,the_4th_holiday,0,0,0
1630216,Cassius Winston,https://twitter.com/cassiuswinston,cassiuswinston,https://instagram.com/cassiuswinston5,cassiuswinston5,2971038080,42453,8562
1626149,Montrezl Harrell,https://twitter.com/MONSTATREZZ,MONSTATREZZ,https://instagram.com/trezz24,trezz24,133726414,158138,10341
1629060,Rui Hachimura,https://twitter.com/rui_8mura,rui_8mura,https://instagram.com/rui_8mura,rui_8mura,4802352444,215179,605
1630166,Deni Avdija,,,https://instagram.com/deniavdia8,deniavdia8,0,0,0
1628418,Thomas Bryant,https://twitter.com/nolimittb31,nolimittb31,https://instagram.com/nolimittb,nolimittb,777296457980260353,32214,368
1630225,Isaiah Todd,https://twitter.com/zaytodd,zaytodd,https://instagram.com/zaytodd,zaytodd,701187065711616000,16749,3827
1630264,Anthony Gill,,,https://instagram.com/anthonygill.13,anthonygill.13,0,0,0
1630555,Joel Ayayi,https://twitter.com/joel_ayayi,joel_ayayi,https://instagram.com/joelayayi,joelayayi,3379657487,8698,288
203526,Raul Neto,https://twitter.com/RaulTogni,RaulTogni,https://instagram.com/raulneto08,raulneto08,138273884,24594,680
1629655,Daniel Gafford,https://twitter.com/Dan_G33,Dan_G33,https://instagram.com/big.dandan,big.dandan,2979138789,23469,2882
1630557,Corey Kispert,https://twitter.com/corey_kispert,corey_kispert,https://instagram.com/ckis24,ckis24,4700775859,10716,606
203915,Spencer Dinwiddie,https://twitter.com/SDinwiddie_25,SDinwiddie_25,https://instagram.com/spencerdinwiddie,spencerdinwiddie,368148234,114454,33591
1628398,Kyle Kuzma,https://twitter.com/kylekuzma,kylekuzma,https://instagram.com/kuz,kuz,272616327,1130113,15414
202722,Davis Bertans,,,https://instagram.com/dbertans_42,dbertans_42,0,0,0
1630167,Obi Toppin,https://twitter.com/obitoppin1,obitoppin1,https://instagram.com/obitoppin_1,obitoppin_1,2221922403,43169,1590
1630540,Miles McBride,https://twitter.com/deucemcb11,deucemcb11,https://instagram.com/deucemcb11,deucemcb11,2941668388,21681,2947
203457,Nerlens Noel,https://twitter.com/NerlensNoel3,NerlensNoel3,https://instagram.com/nerlensnoel3,nerlensnoel3,233414838,220556,4704
201565,Derrick Rose,https://twitter.com/drose,drose,https://instagram.com/drose,drose,612792060,2531695,91
1630193,Immanuel Quickley,https://twitter.com/IQ_GodSon,IQ_GodSon,https://instagram.com/immanuelquickley__,immanuelquickley__,3353240464,86374,4523
1629656,Quentin Grimes,https://twitter.com/qdotgrimes,qdotgrimes,https://instagram.com/qdotgrimes,qdotgrimes,2287541508,30575,4763
202689,Kemba Walker,https://twitter.com/KembaWalker,KembaWalker,https://instagram.com/_kw15,_kw15,270689028,467449,1063
1629628,RJ Barrett,https://twitter.com/RjBarrett6,RjBarrett6,https://instagram.com/rjbarrett,rjbarrett,545663382,198703,1025
203095,Evan Fournier,https://twitter.com/EvanFourmizz,EvanFourmizz,https://instagram.com/evanfournier10,evanfournier10,562362256,319551,9358
202692,Alec Burks,https://twitter.com/AlecBurks10,AlecBurks10,https://instagram.com/alecburks13,alecburks13,135323628,54676,155
1629629,Cam Reddish,https://twitter.com/camreddish,camreddish,https://instagram.com/camreddish,camreddish,467967001,86256,3907
1629011,Mitchell Robinson,https://twitter.com/23savage____,23savage____,https://instagram.com/mrobinson23_,mrobinson23_,4759046009,56833,975
203944,Julius Randle,https://twitter.com/J30_RANDLE,J30_RANDLE,https://instagram.com/juliusrandle30,juliusrandle30,180990505,477392,6174
1630579,Jericho Sims,,,https://instagram.com/jumpmansims,jumpmansims,0,0,0
201959,Taj Gibson,https://twitter.com/TajGibson,TajGibson,https://instagram.com/tajgibson,tajgibson,73058561,323178,2326
1629677,Luka Samanic,https://twitter.com/SamanicLuka,SamanicLuka,https://instagram.com/lukasamanic9,lukasamanic9,831524135847211008,10333,370
1629712,Didi Louzada,https://twitter.com/Didi,Didi,https://instagram.com/didi,didi,773171668814618624,23338,4661
1629627,Zion Williamson,https://twitter.com/Zionwilliamson,Zionwilliamson,https://instagram.com/zionwilliamson,zionwilliamson,3383587455,474498,898
1628404,Josh Hart,https://twitter.com/joshhart,joshhart,https://instagram.com/jhart,jhart,318095329,503736,9645
1628984,Devonte' Graham,https://twitter.com/Devonte4Graham,Devonte4Graham,https://instagram.com/dtaegraham,dtaegraham,991756067938840577,32960,1464
1630529,Herbert Jones,https://twitter.com/_hoopinglife,_hoopinglife,https://instagram.com/yung.ch0,yung.ch0,349466612,13572,1800
1629638,Nickeil Alexander-Walker,https://twitter.com/NickeilAW,NickeilAW,https://instagram.com/nickeilaw,nickeilaw,3016871537,14628,2935
1630230,Naji Marshall,https://twitter.com/MarshallNaji,MarshallNaji,https://instagram.com/najimarshall,najimarshall,1320853270382796800,679,211
1626195,Willy Hernangomez,https://twitter.com/willyhg94,willyhg94,https://instagram.com/willyhernangomez,willyhernangomez,325164911,78360,7279
1629637,Jaxson Hayes,https://twitter.com/hayes_jaxson,hayes_jaxson,https://instagram.com/jaxsonhayes,jaxsonhayes,3080699645,16125,1003
1629109,Gary Clark,https://twitter.com/Gary11_Clark,Gary11_Clark,https://instagram.com/gary6clark,gary6clark,329842989,11348,15168
1630184,Kira Lewis Jr.,,,https://instagram.com/kiralewis2,kiralewis2,0,0,0
1627742,Brandon Ingram,https://twitter.com/B_Ingram13,B_Ingram13,https://instagram.com/1ngram4,1ngram4,164557288,342157,380
1630631,Jose Alvarado,https://twitter.com/AlvaradoJose15,AlvaradoJose15,https://instagram.com/realrytejose,realrytejose,2362079219,8209,1943
202685,Jonas Valanciunas,https://twitter.com/JValanciunas,JValanciunas,https://instagram.com/jvalanciunas,jvalanciunas,2227318080,176592,301
1630530,Trey Murphy III,https://twitter.com/treymurphy,treymurphy,https://instagram.com/treymurphy,treymurphy,2925188224,6376,2110
203107,Tomas Satoransky,https://twitter.com/satoransky,satoransky,https://instagram.com/tomasatoransky,tomasatoransky,756825420,19632,588
1629117,Wenyen Gabriel,https://twitter.com/WenyenGabriel,WenyenGabriel,https://instagram.com/wenyengabriel,wenyengabriel,364032864,36352,8683
202066,Garrett Temple,https://twitter.com/GTemp17,GTemp17,https://instagram.com/gtemp17,gtemp17,41861751,26400,16763
203933,T.J. Warren,https://twitter.com/TonyWarrenJr,TonyWarrenJr,https://instagram.com/t.warren1,t.warren1,289141917,52693,5179
1630537,Chris Duarte,https://twitter.com/C_Duarte5,C_Duarte5,https://instagram.com/christheoretduarte05,christheoretduarte05,1159248879914835970,15031,546
1630613,Duane Washington Jr.,https://twitter.com/dwizthekid4,dwizthekid4,https://www.instagram.com/dwizthekid,dwizthekid,1145718133535195141,4988,295
202362,Lance Stephenson,https://twitter.com/StephensonLance,StephensonLance,https://instagram.com/stephensonlance,stephensonlance,372618047,236332,3894
1627763,Malcolm Brogdon,https://twitter.com/MalcolmBrogdon7,MalcolmBrogdon7,https://instagram.com/malcolmbrogdon,malcolmbrogdon,1275824260091719682,14831,260
203200,Justin Holiday,https://twitter.com/JustHolla7,JustHolla7,https://instagram.com/justholla7,justholla7,1318989560,30000,5699
204456,T.J. McConnell,https://twitter.com/TJMcConnell,TJMcConnell,https://instagram.com/tjmcconnell,tjmcconnell,1947772669,54438,906
1627734,Domantas Sabonis,https://twitter.com/Dsabonis11,Dsabonis11,https://instagram.com/dsabonis11,dsabonis11,364013199,48738,558
1629052,Oshae Brissett,https://twitter.com/Obrissy,Obrissy,https://instagram.com/obrissy,obrissy,327603737,13323,20506
1628470,Torrey Craig,https://twitter.com/TCraig_23,TCraig_23,https://instagram.com/tcraig3_,tcraig3_,213455037,12145,32871
1627747,Caris LeVert,https://twitter.com/CarisLeVert,CarisLeVert,https://instagram.com/carislevert,carislevert,2623831606,55054,477
1630543,Isaiah Jackson,https://twitter.com/IJackson22,IJackson22,https://instagram.com/isaiahjackson22,isaiahjackson22,856614037735559168,15244,732
203087,Jeremy Lamb,https://twitter.com/jlamb,jlamb,https://instagram.com/jeremylamb1,jeremylamb1,303465692,47299,3318
1626208,Keifer Sykes,https://twitter.com/ksykesyb,ksykesyb,https://instagram.com/ksykesyb28,ksykesyb28,287512655,7973,19527
1630678,Terry Taylor,https://twitter.com/TerryTaylor21,TerryTaylor21,https://instagram.com/tt.21,tt.21,1016386681040199680,1587,6566
1626167,Myles Turner,https://twitter.com/Original_Turner,Original_Turner,https://instagram.com/turner_myles,turner_myles,560820176,114888,12117
1629048,Goga Bitadze,https://twitter.com/GogaBiitadze,GogaBiitadze,https://instagram.com/gogabitadaze,gogabitadaze,1151444386590470144,958,586
1630169,Tyrese Haliburton,https://twitter.com/TyHaliburton22,TyHaliburton22,https://instagram.com/tyresehaliburton,tyresehaliburton,1100946718693224448,71222,692
1629056,Terence Davis,https://twitter.com/TerenceDavisJr,TerenceDavisJr,https://instagram.com/terencedavisjr,terencedavisjr,344798709,17042,7461
1628368,De'Aaron Fox,https://twitter.com/swipathefox,swipathefox,https://instagram.com/swipathefox,swipathefox,4890418741,287248,861
1629002,Chimezie Metu,https://twitter.com/Chimezie_Metu,Chimezie_Metu,https://instagram.com/mezie,mezie,288535111,10527,11785
203090,Maurice Harkless,https://twitter.com/moe_harkless,moe_harkless,https://instagram.com/moe_harkless,moe_harkless,64307053,51780,458
202684,Tristan Thompson,https://twitter.com/RealTristan13,RealTristan13,https://instagram.com/realtristan13,realtristan13,66816759,661333,6133
1630558,Davion Mitchell,https://twitter.com/hoopculture13,hoopculture13,https://instagram.com/daaay____,daaay____,2202306567,20386,6147
1630218,Robert Woodard II,https://twitter.com/Raw2512,Raw2512,https://instagram.com/r__a__wii,r__a__wii,2885590794,7140,2343
1630186,Jahmi'us Ramsey,https://twitter.com/newanimprovedJR,newanimprovedJR,https://instagram.com/jramsey.3,jramsey.3,699844978286006272,10548,3352
1626158,Richaun Holmes,https://twitter.com/Rich_Holmes22,Rich_Holmes22,https://instagram.com/rich_holmes22,rich_holmes22,151284668,35644,29897
1629663,Louis King,https://twitter.com/LouisKing,LouisKing,https://instagram.com/louking,louking,775122046007336960,5928,601
1627741,Buddy Hield,https://twitter.com/buddyhield,buddyhield,https://instagram.com/buddylove242,buddylove242,174520063,137464,9305
203458,Alex Len,https://twitter.com/alexlen,alexlen,https://instagram.com/alexlen_25,alexlen_25,1538825629,16723,371
1627745,Damian Jones,https://twitter.com/dameology,dameology,https://instagram.com/dameology,dameology,1684946220,24376,1323
1628963,Marvin Bagley III,https://twitter.com/MB3FIVE,MB3FIVE,https://instagram.com/mb3five,mb3five,2797019768,93195,1957
203084,Harrison Barnes,https://twitter.com/hbarnes,hbarnes,https://instagram.com/hbarnes,hbarnes,555393138,592951,5083
1629674,Neemias Queta,https://twitter.com/nemi1599,nemi1599,https://instagram.com/neemy23,neemy23,782491815689785344,33699,12432
1628983,Shai Gilgeous-Alexander,https://twitter.com/shaiglalex,shaiglalex,https://instagram.com/shai,shai,2873604528,119941,1156
1630581,Josh Giddey,https://twitter.com/joshgiddey,joshgiddey,https://instagram.com/joshgiddey,joshgiddey,1150612989399093248,50511,97
1629652,Luguentz Dort,https://twitter.com/luthebeast,luthebeast,https://instagram.com/luthebeast,luthebeast,2949958191,33005,1380
1629647,Darius Bazley,https://twitter.com/BazleyDarius,BazleyDarius,https://instagram.com/dariusbazley,dariusbazley,3011471122,21892,1527
1628778,Paul Watson,https://twitter.com/_PWJiii,_PWJiii,https://instagram.com/pwat3,pwat3,900192978,4568,7811
1630177,Theo Maledon,,,https://instagram.com/theomaledon,theomaledon,0,0,0
202324,Derrick Favors,https://twitter.com/dfavors14,dfavors14,https://instagram.com/_dfavors15,_dfavors15,151728579,148979,1039
1629660,Ty Jerome,https://twitter.com/tyjerome_,tyjerome_,https://instagram.com/tyjerome_,tyjerome_,1116736652960047105,19897,425
1630197,Aleksej Pokusevski,https://twitter.com/aleksejpokusevs,aleksejpokusevs,https://instagram.com/17_poku,17_poku,2421052888,8683,38
1630598,Aaron Wiggins,https://twitter.com/Aaron_Wiggins_,Aaron_Wiggins_,https://instagram.com/a.wigg,a.wigg,2382906541,6339,3547
1629676,Isaiah Roby,https://twitter.com/roby_isaiah,roby_isaiah,https://instagram.com/zayro,zayro,1444425812,18403,7125
1630544,Tre Mann,https://twitter.com/tre2mann3,tre2mann3,https://instagram.com/treshaunmann,treshaunmann,821878412382007296,15711,703
1629603,Mamadi Diakite,https://twitter.com/_mdiakite,_mdiakite,https://instagram.com/_mdiakite25,_mdiakite25,1262492749,14635,445
1630249,Vit Krejci,https://twitter.com/v_krejci,v_krejci,https://instagram.com/vitaa_krejci,vitaa_krejci,838439480084348928,2093,75
203488,Mike Muscala,,,,,0,0,0
1629026,Kenrich Williams,https://twitter.com/williamskenrich,williamskenrich,https://instagram.com/kenrich_williams,kenrich_williams,444357023,2909,1452
1630526,Jeremiah Robinson-Earl,https://twitter.com/JCREarl,JCREarl,https://instagram.com/jeremiah,jeremiah,2955618033,7860,274
1630607,Chris Smith,https://twitter.com/SCS599,SCS599,https://www.instagram.com/thecsmiff,thecsmiff,724620852755460096,1245,1324
1630595,Cade Cunningham,https://twitter.com/CadeCunningham_,CadeCunningham_,https://instagram.com/cadecunn1ngham,cadecunn1ngham,718191913468211201,79583,1750
1630199,Cassius Stanley,https://twitter.com/cassius_stanley,cassius_stanley,https://instagram.com/cassiusstanley,cassiusstanley,714803670,49458,4278
1628402,Frank Jackson,https://twitter.com/FWJackson15,FWJackson15,https://instagram.com/franklinjackson5,franklinjackson5,2218539384,21231,1143
1628977,Hamidou Diallo,https://twitter.com/hamidoudiallo,hamidoudiallo,https://instagram.com/hami.diallo,hami.diallo,2513781202,67316,1060
1630165,Killian Hayes,https://twitter.com/iam_killian,iam_killian,https://instagram.com/iam_killian,iam_killian,1081639564228345860,16655,8
1626168,Trey Lyles,https://twitter.com/TreyLyles,TreyLyles,https://instagram.com/treylyles,treylyles,232901524,105722,14021
203924,Jerami Grant,https://twitter.com/JeramiGrant,JeramiGrant,https://instagram.com/jeramigrant,jeramigrant,272562079,51679,8443
1630587,Isaiah Livers,https://twitter.com/isaiah__02,isaiah__02,https://instagram.com/isaiah_livers,isaiah_livers,975249576,12000,12943
203482,Kelly Olynyk,https://twitter.com/KellyOlynyk,KellyOlynyk,https://instagram.com/kellyolynyk,kellyolynyk,281405595,79109,1575
203585,Rodney McGruder,https://twitter.com/RodneyMcGruder,RodneyMcGruder,https://instagram.com/rodneymcgruder,rodneymcgruder,1468865215,7937,136
202709,Cory Joseph,https://twitter.com/Cory_Joe,Cory_Joe,https://instagram.com/coryjoseph,coryjoseph,279697145,106418,835
1628367,Josh Jackson,https://twitter.com/j_josh11,j_josh11,https://instagram.com/josh_j11,josh_j11,2412019869,58088,1723
1630691,Jamorko Pickett,https://twitter.com/JamorkoP1,JamorkoP1,https://instagram.com/jamorkop1,jamorkop1,3539940015,1668,760
1630191,Isaiah Stewart,https://twitter.com/Dreamville_33,Dreamville_33,https://instagram.com/the.isaiahstewart,the.isaiahstewart,3297734223,18146,2589
1630240,Saben Lee,https://twitter.com/SabenLee,SabenLee,https://instagram.com/_sabenlee,_sabenlee,3007277940,1932,3869
1630180,Saddiq Bey,https://twitter.com/_Beyyy15,_Beyyy15,https://instagram.com/saddiq.bey,saddiq.bey,756596850434596864,2920,15
1630568,Luka Garza,https://twitter.com/LukaG_55,LukaG_55,https://instagram.com/lgarza_55,lgarza_55,1374451580,35885,4266
1628371,Jonathan Isaac,https://twitter.com/JJudahIsaac,JJudahIsaac,https://instagram.com/jonisaac_01,jonisaac_01,2172852233,109795,6320
1629643,Chuma Okeke,https://twitter.com/chuma_okeke,chuma_okeke,https://instagram.com/chumaokeke_,chumaokeke_,2200131510,15280,4951
1630591,Jalen Suggs,https://twitter.com/jalensuggs,jalensuggs,https://instagram.com/jalensuggs,jalensuggs,531506811,44967,1643
1628964,Mo Bamba,https://twitter.com/TheRealMoBamba,TheRealMoBamba,https://instagram.com/therealmobamba,therealmobamba,791091279580889089,38781,461
203487,Michael Carter-Williams,https://twitter.com/mcarterwilliams,mcarterwilliams,https://instagram.com/mcarterwilliams,mcarterwilliams,155782494,126885,13168
1630181,R.J. Hampton,https://twitter.com/RjHampton14,RjHampton14,https://instagram.com/rjhampton14,rjhampton14,736042213138796546,73197,6828
203914,Gary Harris,https://twitter.com/thats_G_,thats_G_,https://instagram.com/thats_g_,thats_g_,126458229,65224,18958
1629649,Ignas Brazdeikis,https://twitter.com/_iggy_braz,_iggy_braz,https://instagram.com/_iggy_braz_,_iggy_braz_,3307421506,23627,1433
1628365,Markelle Fultz,https://twitter.com/MarkelleF,MarkelleF,https://instagram.com/markellefultz,markellefultz,1496917872,235091,8174
1629021,Moritz Wagner,https://twitter.com/moritz_weasley,moritz_weasley,https://instagram.com/moritz_weasley,moritz_weasley,542457164,61970,665
1630532,Franz Wagner,https://twitter.com/franzboogie,franzboogie,https://instagram.com/franz_weasley,franz_weasley,1404190041648242688,9828,6
1629678,Admiral Schofield,https://twitter.com/admiralelite15,admiralelite15,https://instagram.com/uncle_scho,uncle_scho,271186255,49800,17893
203082,Terrence Ross,https://twitter.com/TerrenceRoss,TerrenceRoss,https://instagram.com/terrence,terrence,231335961,204356,5047
201577,Robin Lopez,https://twitter.com/rolopez42,rolopez42,https://instagram.com/gustogummi88,gustogummi88,48028402,164660,3604
1628976,Wendell Carter Jr.,https://twitter.com/wendellcarter34,wendellcarter34,https://instagram.com/wendellcarterjr,wendellcarterjr,607519948,53197,858
1630175,Cole Anthony,https://twitter.com/The_ColeAnthony,The_ColeAnthony,https://instagram.com/the_cole.anthony,the_cole.anthony,3996123136,81173,2531
202734,E'Twaun Moore,https://twitter.com/ETwaun55,ETwaun55,https://instagram.com/etwaun_55,etwaun_55,270072188,33613,996
1630224,Jalen Green,https://twitter.com/JalenGreen,JalenGreen,https://instagram.com/jalen,jalen,701574192781602816,171585,1150
202322,John Wall,https://twitter.com/JohnWall,JohnWall,https://instagram.com/johnwall,johnwall,132389474,1909634,25954
1628021,David Nwaba,https://twitter.com/dnwaba0,dnwaba0,https://instagram.com/davidnwaba,davidnwaba,4809548058,10697,417
1629645,Kevin Porter Jr.,https://twitter.com/kevinporterjr,Kevinporterjr,https://www.instagram.com/kevinporterjr/,kevinporterjr,2413645688,68797,1656
1630231,Kenyon Martin Jr.,https://twitter.com/kj__martin,kj__martin,https://www.instagram.com/kenyonmartinjr/,kenyonmartinjr,3301348460,15852,1467
1629717,Armoni Brooks,https://twitter.com/snipabrooks_,snipabrooks_,https://instagram.com/snipabrooks,snipabrooks,1054933021038645249,9589,2433
1630256,Jae'Sean Tate,https://twitter.com/o_tate_,o_tate_,https://instagram.com/o_tate,o_tate,241354214,17418,7687
1630528,Josh Christopher,https://twitter.com/Jaygup23,Jaygup23,https://instagram.com/jaygup,jaygup,2321821272,96659,9894
201569,Eric Gordon,https://twitter.com/TheofficialEG10,TheofficialEG10,https://instagram.com/officialeg10,officialeg10,299242570,225814,2538
201571,D.J. Augustin,https://twitter.com/augustinDj14,augustinDj14,https://instagram.com/djaugustin,djaugustin,1145404516684226562,4850,212
1630227,Daishen Nix,https://twitter.com/djfromveg,djfromveg,https://instagram.com/djdaishen,djdaishen,4440258074,3419,880
1630586,Usman Garuba,https://twitter.com/Usmangaruba,Usmangaruba,https://instagram.com/destusman,destusman,1067724298603892736,20055,214
1630243,Trevelin Queen,https://twitter.com/trev_up,trev_up,https://instagram.com/trevupnow_,trevupnow_,3335097551,3374,8722
1629726,Garrison Mathews,https://twitter.com/gmathews_24,gmathews_24,https://instagram.com/garrison_mathews24,garrison_mathews24,3103332430,7044,1641
1628464,Daniel Theis,https://twitter.com/dtheis10,dtheis10,https://instagram.com/dtheis10,dtheis10,4044682379,53218,1396
1630578,Alperen Sengun,https://twitter.com/alperennsengun,alperennsengun,https://instagram.com/alperen.sengun,alperen.sengun,1101806852034232320,53032,61
1626174,Christian Wood,https://twitter.com/Chriswood_5,Chriswood_5,https://instagram.com/chriswood_5,chriswood_5,296065053,52579,783
