playerid,name,br_url
201580,JaVale McGee,https://www.basketball-reference.com/players/m/mcgeeja01.html
1626164,Devin Booker,https://www.basketball-reference.com/players/b/bookede01.html
203901,Elfrid Payton,https://www.basketball-reference.com/players/p/paytoel01.html
101108,Chris Paul,https://www.basketball-reference.com/players/p/paulch01.html
1626163,Frank Kaminsky,https://www.basketball-reference.com/players/k/kaminfr01.html
1630188,Jalen Smith,https://www.basketball-reference.com/players/s/smithja04.html
1627846,Abdel Nader,https://www.basketball-reference.com/players/n/naderab01.html
1630688,Ish Wainright,https://www.basketball-reference.com/players/w/wainris01.html
1629013,Landry Shamet,https://www.basketball-reference.com/players/s/shamela01.html
1626166,Cameron Payne,https://www.basketball-reference.com/players/p/payneca01.html
202687,Bismack Biyombo,https://www.basketball-reference.com/players/b/biyombi01.html
203967,Dario Saric,https://www.basketball-reference.com/players/s/saricda01.html
1629028,Deandre Ayton,https://www.basketball-reference.com/players/a/aytonde01.html
1629661,Cameron Johnson,https://www.basketball-reference.com/players/j/johnsca02.html
1628969,Mikal Bridges,https://www.basketball-reference.com/players/b/bridgmi01.html
203109,Jae Crowder,https://www.basketball-reference.com/players/c/crowdja01.html
1629216,Gabe Vincent,https://www.basketball-reference.com/players/v/vincega01.html
203506,Victor Oladipo,https://www.basketball-reference.com/players/o/oladivi01.html
1629657,Kyle Guy,https://www.basketball-reference.com/players/g/guyky01.html
200768,Kyle Lowry,https://www.basketball-reference.com/players/l/lowryky01.html
202693,Markieff Morris,https://www.basketball-reference.com/players/m/morrima02.html
1629644,KZ Okpala,https://www.basketball-reference.com/players/o/okpalkz01.html
1628389,Bam Adebayo,https://www.basketball-reference.com/players/a/adebaba01.html
1629639,Tyler Herro,https://www.basketball-reference.com/players/h/herroty01.html
1628997,Caleb Martin,https://www.basketball-reference.com/players/m/martica02.html
200782,P.J. Tucker,https://www.basketball-reference.com/players/t/tuckepj01.html
203473,Dewayne Dedmon,https://www.basketball-reference.com/players/d/dedmode01.html
202710,Jimmy Butler,https://www.basketball-reference.com/players/b/butleji01.html
1629735,Chris Silva,https://www.basketball-reference.com/players/s/silvach01.html
1629622,Max Strus,https://www.basketball-reference.com/players/s/strusma01.html
2617,Udonis Haslem,https://www.basketball-reference.com/players/h/hasleud01.html
1629130,Duncan Robinson,https://www.basketball-reference.com/players/r/robindu01.html
1630209,Omer Yurtseven,https://www.basketball-reference.com/players/y/yurtsom01.html
1630792,Malcolm Hill,https://www.basketball-reference.com/players/h/hillma01.html
1629632,Coby White,https://www.basketball-reference.com/players/w/whiteco01.html
1628366,Lonzo Ball,https://www.basketball-reference.com/players/b/balllo01.html
1627884,Derrick Jones Jr.,https://www.basketball-reference.com/players/j/jonesde02.html
1627936,Alex Caruso,https://www.basketball-reference.com/players/c/carusal01.html
1628972,Troy Brown Jr.,https://www.basketball-reference.com/players/b/browntr01.html
203897,Zach LaVine,https://www.basketball-reference.com/players/l/lavinza01.html
202696,Nikola Vucevic,https://www.basketball-reference.com/players/v/vucevni01.html
201942,DeMar DeRozan,https://www.basketball-reference.com/players/d/derozde01.html
1630245,Ayo Dosunmu,https://www.basketball-reference.com/players/d/dosunay01.html
1628396,Tony Bradley,https://www.basketball-reference.com/players/b/bradlto01.html
1630250,Marko Simonovic,https://www.basketball-reference.com/players/s/simonma01.html
1629744,Matt Thomas,https://www.basketball-reference.com/players/t/thomama02.html
1629750,Javonte Green,https://www.basketball-reference.com/players/g/greenja02.html
1629076,Tyler Cook,https://www.basketball-reference.com/players/c/cookty01.html
1628035,Alfonzo McKinnie,https://www.basketball-reference.com/players/m/mckinal01.html
1630172,Patrick Williams,https://www.basketball-reference.com/players/w/willipa01.html
1627780,Gary Payton II,https://www.basketball-reference.com/players/p/paytoga01.html
1630228,Jonathan Kuminga,https://www.basketball-reference.com/players/k/kuminjo01.html
1627814,Damion Lee,https://www.basketball-reference.com/players/l/leeda03.html
1629185,Chris Chiozza,https://www.basketball-reference.com/players/c/chiozch01.html
1629673,Jordan Poole,https://www.basketball-reference.com/players/p/poolejo01.html
1630541,Moses Moody,https://www.basketball-reference.com/players/m/moodymo01.html
1626172,Kevon Looney,https://www.basketball-reference.com/players/l/looneke01.html
202357,Nemanja Bjelica,https://www.basketball-reference.com/players/b/bjeline01.html
2738,Andre Iguodala,https://www.basketball-reference.com/players/i/iguodan01.html
202691,Klay Thompson,https://www.basketball-reference.com/players/t/thompkl01.html
1629683,Quinndary Weatherspoon,https://www.basketball-reference.com/players/w/weathqu01.html
203952,Andrew Wiggins,https://www.basketball-reference.com/players/w/wiggian01.html
203110,Draymond Green,https://www.basketball-reference.com/players/g/greendr01.html
201939,Stephen Curry,https://www.basketball-reference.com/players/c/curryst01.html
203490,Otto Porter Jr.,https://www.basketball-reference.com/players/p/porteot01.html
1630164,James Wiseman,https://www.basketball-reference.com/players/w/wisemja01.html
1629308,Juan Toscano-Anderson,https://www.basketball-reference.com/players/t/toscaju01.html
1630178,Tyrese Maxey,https://www.basketball-reference.com/players/m/maxeyty01.html
203083,Andre Drummond,https://www.basketball-reference.com/players/d/drumman01.html
1629619,Myles Powell,https://www.basketball-reference.com/players/p/powelmy01.html
1630198,Isaiah Joe,https://www.basketball-reference.com/players/j/joeis01.html
1630531,Jaden Springer,https://www.basketball-reference.com/players/s/sprinja01.html
202699,Tobias Harris,https://www.basketball-reference.com/players/h/harrito02.html
201980,Danny Green,https://www.basketball-reference.com/players/g/greenda02.html
1629718,Charlie Brown Jr.,https://www.basketball-reference.com/players/b/brownch02.html
1629003,Shake Milton,https://www.basketball-reference.com/players/m/miltosh01.html
1627777,Georges Niang,https://www.basketball-reference.com/players/n/niangge01.html
203954,Joel Embiid,https://www.basketball-reference.com/players/e/embiijo01.html
1629680,Matisse Thybulle,https://www.basketball-reference.com/players/t/thybuma01.html
1629646,Charles Bassey,https://www.basketball-reference.com/players/b/bassech01.html
1627732,Ben Simmons,https://www.basketball-reference.com/players/s/simmobe01.html
1627788,Furkan Korkmaz,https://www.basketball-reference.com/players/k/korkmfu01.html
203552,Seth Curry,https://www.basketball-reference.com/players/c/curryse01.html
1630194,Paul Reed,https://www.basketball-reference.com/players/r/reedpa01.html
1629001,De'Anthony Melton,https://www.basketball-reference.com/players/m/meltode01.html
203937,Kyle Anderson,https://www.basketball-reference.com/players/a/anderky01.html
1630214,Xavier Tillman,https://www.basketball-reference.com/players/t/tillmxa01.html
1630179,Tyrell Terry,https://www.basketball-reference.com/players/t/terryty01.html
203500,Steven Adams,https://www.basketball-reference.com/players/a/adamsst01.html
1630582,Yves Pons,https://www.basketball-reference.com/players/p/ponsyv01.html
1630583,Santi Aldama,https://www.basketball-reference.com/players/a/aldamsa01.html
1630533,Ziaire Williams,https://www.basketball-reference.com/players/w/willizi02.html
1629630,Ja Morant,https://www.basketball-reference.com/players/m/moranja01.html
1628991,Jaren Jackson Jr.,https://www.basketball-reference.com/players/j/jacksja02.html
1629634,Brandon Clarke,https://www.basketball-reference.com/players/c/clarkbr01.html
1626145,Tyus Jones,https://www.basketball-reference.com/players/j/jonesty01.html
1630217,Desmond Bane,https://www.basketball-reference.com/players/b/banede01.html
1629633,Jarrett Culver,https://www.basketball-reference.com/players/c/culveja01.html
1628415,Dillon Brooks,https://www.basketball-reference.com/players/b/brookdi01.html
1629681,Killian Tillie,https://www.basketball-reference.com/players/t/tilliki02.html
1629723,John Konchar,https://www.basketball-reference.com/players/k/konchjo01.html
201567,Kevin Love,https://www.basketball-reference.com/players/l/loveke01.html
1629164,Brandon Goodwin,https://www.basketball-reference.com/players/g/goodwbr01.html
200765,Rajon Rondo,https://www.basketball-reference.com/players/r/rondora01.html
1629012,Collin Sexton,https://www.basketball-reference.com/players/s/sextoco01.html
201937,Ricky Rubio,https://www.basketball-reference.com/players/r/rubiori01.html
1630596,Evan Mobley,https://www.basketball-reference.com/players/m/mobleev01.html
1630612,RJ Nembhard Jr.,https://www.basketball-reference.com/players/n/nembhrj01.html
1630698,Kevin Pangos,https://www.basketball-reference.com/players/p/pangoke01.html
1630205,Lamar Stevens,https://www.basketball-reference.com/players/s/stevela01.html
1629685,Dylan Windler,https://www.basketball-reference.com/players/w/windldy01.html
1629636,Darius Garland,https://www.basketball-reference.com/players/g/garlada01.html
1626224,Cedi Osman,https://www.basketball-reference.com/players/o/osmande01.html
202334,Ed Davis,https://www.basketball-reference.com/players/d/davised01.html
1628374,Lauri Markkanen,https://www.basketball-reference.com/players/m/markkla01.html
1628386,Jarrett Allen,https://www.basketball-reference.com/players/a/allenja01.html
1629731,Dean Wade,https://www.basketball-reference.com/players/w/wadede01.html
1630171,Isaac Okoro,https://www.basketball-reference.com/players/o/okorois01.html
203903,Jordan Clarkson,https://www.basketball-reference.com/players/c/clarkjo01.html
1629672,Eric Paschall,https://www.basketball-reference.com/players/p/pascher01.html
204060,Joe Ingles,https://www.basketball-reference.com/players/i/inglejo01.html
1630235,Trent Forrest,https://www.basketball-reference.com/players/f/forretr01.html
1627863,Danuel House Jr.,https://www.basketball-reference.com/players/h/houseda01.html
200752,Rudy Gay,https://www.basketball-reference.com/players/g/gayru01.html
201144,Mike Conley,https://www.basketball-reference.com/players/c/conlemi01.html
1630215,Jared Butler,https://www.basketball-reference.com/players/b/butleja02.html
1628962,Udoka Azubuike,https://www.basketball-reference.com/players/a/azubuud01.html
202355,Hassan Whiteside,https://www.basketball-reference.com/players/w/whiteha01.html
1626220,Royce O'Neale,https://www.basketball-reference.com/players/o/onealro01.html
203497,Rudy Gobert,https://www.basketball-reference.com/players/g/goberru01.html
1630190,Elijah Hughes,https://www.basketball-reference.com/players/h/hugheel01.html
202711,Bojan Bogdanovic,https://www.basketball-reference.com/players/b/bogdabo02.html
1628378,Donovan Mitchell,https://www.basketball-reference.com/players/m/mitchdo01.html
1628425,Sterling Brown,https://www.basketball-reference.com/players/b/brownst02.html
203504,Trey Burke,https://www.basketball-reference.com/players/b/burketr01.html
204001,Kristaps Porzingis,https://www.basketball-reference.com/players/p/porzikr01.html
203939,Dwight Powell,https://www.basketball-reference.com/players/p/poweldw01.html
1630182,Josh Green,https://www.basketball-reference.com/players/g/greenjo02.html
1629650,Moses Brown,https://www.basketball-reference.com/players/b/brownmo01.html
1627827,Dorian Finney-Smith,https://www.basketball-reference.com/players/f/finnedo01.html
203501,Tim Hardaway Jr.,https://www.basketball-reference.com/players/h/hardati01.html
1628973,Jalen Brunson,https://www.basketball-reference.com/players/b/brunsja01.html
1628373,Frank Ntilikina,https://www.basketball-reference.com/players/n/ntilila01.html
1629033,Theo Pinson,https://www.basketball-reference.com/players/p/pinsoth01.html
203493,Reggie Bullock,https://www.basketball-reference.com/players/b/bullore01.html
1627737,Marquese Chriss,https://www.basketball-reference.com/players/c/chrisma01.html
1628467,Maxi Kleber,https://www.basketball-reference.com/players/k/klebima01.html
1626246,Boban Marjanovic,https://www.basketball-reference.com/players/m/marjabo01.html
1629029,Luka Doncic,https://www.basketball-reference.com/players/d/doncilu01.html
1628978,Donte DiVincenzo,https://www.basketball-reference.com/players/d/divindo01.html
201588,George Hill,https://www.basketball-reference.com/players/h/hillge01.html
203918,Rodney Hood,https://www.basketball-reference.com/players/h/hoodro01.html
1628960,Grayson Allen,https://www.basketball-reference.com/players/a/allengr01.html
1626171,Bobby Portis,https://www.basketball-reference.com/players/p/portibo01.html
201572,Brook Lopez,https://www.basketball-reference.com/players/l/lopezbr01.html
1629670,Jordan Nwora,https://www.basketball-reference.com/players/n/nworajo01.html
201950,Jrue Holiday,https://www.basketball-reference.com/players/h/holidjr01.html
203114,Khris Middleton,https://www.basketball-reference.com/players/m/middlkh01.html
202083,Wesley Matthews,https://www.basketball-reference.com/players/m/matthwe02.html
1626192,Pat Connaughton,https://www.basketball-reference.com/players/c/connapa01.html
1629623,Lindell Wigginton,https://www.basketball-reference.com/players/w/wiggili01.html
203507,Giannis Antetokounmpo,https://www.basketball-reference.com/players/a/antetgi01.html
1628400,Semi Ojeleye,https://www.basketball-reference.com/players/o/ojelese01.html
203648,Thanasis Antetokounmpo,https://www.basketball-reference.com/players/a/antetth01.html
1630572,Sandro Mamukelashvili,https://www.basketball-reference.com/players/m/mamuksa01.html
1630210,Markus Howard,https://www.basketball-reference.com/players/h/howarma02.html
203210,JaMychal Green,https://www.basketball-reference.com/players/g/greenja01.html
1629008,Michael Porter Jr.,https://www.basketball-reference.com/players/p/portemi01.html
1630538,Bones Hyland,https://www.basketball-reference.com/players/h/hylanbo01.html
202326,DeMarcus Cousins,https://www.basketball-reference.com/players/c/couside01.html
203115,Will Barton,https://www.basketball-reference.com/players/b/bartowi01.html
1630267,Facundo Campazzo,https://www.basketball-reference.com/players/c/campafa01.html
1627854,Bryn Forbes,https://www.basketball-reference.com/players/f/forbebr01.html
1628432,Davon Reed,https://www.basketball-reference.com/players/r/reedda01.html
1628420,Monte Morris,https://www.basketball-reference.com/players/m/morrimo01.html
203999,Nikola Jokic,https://www.basketball-reference.com/players/j/jokicni01.html
1630192,Zeke Nnaji,https://www.basketball-reference.com/players/n/nnajize01.html
203085,Austin Rivers,https://www.basketball-reference.com/players/r/riverau01.html
1627750,Jamal Murray,https://www.basketball-reference.com/players/m/murraja01.html
1628427,Vlatko Cancar,https://www.basketball-reference.com/players/c/cancavl01.html
201145,Jeff Green,https://www.basketball-reference.com/players/g/greenje02.html
203932,Aaron Gordon,https://www.basketball-reference.com/players/g/gordoaa01.html
1628975,Jevon Carter,https://www.basketball-reference.com/players/c/carteje01.html
1628971,Bruce Brown,https://www.basketball-reference.com/players/b/brownbr01.html
201933,Blake Griffin,https://www.basketball-reference.com/players/g/griffbl01.html
1630561,David Duke Jr.,https://www.basketball-reference.com/players/d/dukeda01.html
201142,Kevin Durant,https://www.basketball-reference.com/players/d/duranke01.html
201988,Patty Mills,https://www.basketball-reference.com/players/m/millspa02.html
202681,Kyrie Irving,https://www.basketball-reference.com/players/i/irvinky01.html
203925,Joe Harris,https://www.basketball-reference.com/players/h/harrijo01.html
201935,James Harden,https://www.basketball-reference.com/players/h/hardeja01.html
1630556,Kessler Edwards,https://www.basketball-reference.com/players/e/edwarke02.html
201949,James Johnson,https://www.basketball-reference.com/players/j/johnsja01.html
1630549,Day'Ron Sharpe,https://www.basketball-reference.com/players/s/sharpda01.html
200746,LaMarcus Aldridge,https://www.basketball-reference.com/players/a/aldrila01.html
1630560,Cam Thomas,https://www.basketball-reference.com/players/t/thomaca02.html
200794,Paul Millsap,https://www.basketball-reference.com/players/m/millspa01.html
1629651,Nic Claxton,https://www.basketball-reference.com/players/c/claxtni01.html
1627761,DeAndre' Bembry,https://www.basketball-reference.com/players/b/bembrde01.html
1630206,Jay Scrubb,https://www.basketball-reference.com/players/s/scrubja01.html
202704,Reggie Jackson,https://www.basketball-reference.com/players/j/jacksre01.html
202695,Kawhi Leonard,https://www.basketball-reference.com/players/l/leonaka01.html
1630527,Brandon Boston Jr.,https://www.basketball-reference.com/players/b/bostobr01.html
1628379,Luke Kennard,https://www.basketball-reference.com/players/k/kennalu01.html
1629599,Amir Coffey,https://www.basketball-reference.com/players/c/coffeam01.html
202694,Marcus Morris Sr.,https://www.basketball-reference.com/players/m/morrima03.html
201586,Serge Ibaka,https://www.basketball-reference.com/players/i/ibakase01.html
202339,Eric Bledsoe,https://www.basketball-reference.com/players/b/bledser01.html
202331,Paul George,https://www.basketball-reference.com/players/g/georgpa01.html
1629611,Terance Mann,https://www.basketball-reference.com/players/m/mannte01.html
1630554,Jason Preston,https://www.basketball-reference.com/players/p/prestja01.html
1626159,Justise Winslow,https://www.basketball-reference.com/players/w/winslju01.html
201587,Nicolas Batum,https://www.basketball-reference.com/players/b/batumni01.html
1627826,Ivica Zubac,https://www.basketball-reference.com/players/z/zubaciv01.html
1630553,Keon Johnson,https://www.basketball-reference.com/players/j/johnske07.html
1628392,Isaiah Hartenstein,https://www.basketball-reference.com/players/h/harteis01.html
1628970,Miles Bridges,https://www.basketball-reference.com/players/b/bridgmi02.html
1630163,LaMelo Ball,https://www.basketball-reference.com/players/b/ballla01.html
1626179,Terry Rozier,https://www.basketball-reference.com/players/r/roziete01.html
1630547,James Bouknight,https://www.basketball-reference.com/players/b/bouknja01.html
1629667,Jalen McDaniels,https://www.basketball-reference.com/players/m/mcdanja01.html
202397,Ish Smith,https://www.basketball-reference.com/players/s/smithis01.html
1628998,Cody Martin,https://www.basketball-reference.com/players/m/martico01.html
1626162,Kelly Oubre Jr.,https://www.basketball-reference.com/players/o/oubreke01.html
1630208,Nick Richards,https://www.basketball-reference.com/players/r/richani01.html
1630575,Scottie Lewis,https://www.basketball-reference.com/players/l/lewissc01.html
202330,Gordon Hayward,https://www.basketball-reference.com/players/h/haywago01.html
1630550,JT Thor,https://www.basketball-reference.com/players/t/thorjt01.html
1630176,Vernon Carey Jr.,https://www.basketball-reference.com/players/c/careyve01.html
1630539,Kai Jones,https://www.basketball-reference.com/players/j/joneska01.html
203486,Mason Plumlee,https://www.basketball-reference.com/players/p/plumlma01.html
1629023,P.J. Washington,https://www.basketball-reference.com/players/w/washipj01.html
1629083,Arnoldas Kulboka,https://www.basketball-reference.com/players/k/kulboar01.html
1626156,D'Angelo Russell,https://www.basketball-reference.com/players/r/russeda01.html
1630162,Anthony Edwards,https://www.basketball-reference.com/players/e/edwaran01.html
1630183,Jaden McDaniels,https://www.basketball-reference.com/players/m/mcdanja02.html
1629669,Jaylen Nowell,https://www.basketball-reference.com/players/n/nowelja01.html
1627736,Malik Beasley,https://www.basketball-reference.com/players/b/beaslma01.html
1629162,Jordan McLaughlin,https://www.basketball-reference.com/players/m/mclaujo01.html
1629020,Jarred Vanderbilt,https://www.basketball-reference.com/players/v/vandeja01.html
1630195,Leandro Bolmaro,https://www.basketball-reference.com/players/b/bolmale01.html
1627774,Jake Layman,https://www.basketball-reference.com/players/l/laymaja01.html
1629675,Naz Reid,https://www.basketball-reference.com/players/r/reidna01.html
1627752,Taurean Prince,https://www.basketball-reference.com/players/p/princta02.html
1630233,Nathan Knight,https://www.basketball-reference.com/players/k/knighna01.html
1629006,Josh Okogie,https://www.basketball-reference.com/players/o/okogijo01.html
201976,Patrick Beverley,https://www.basketball-reference.com/players/b/beverpa01.html
1630593,McKinley Wright IV,https://www.basketball-reference.com/players/w/wrighmc01.html
1626157,Karl-Anthony Towns,https://www.basketball-reference.com/players/t/townska01.html
201609,Goran Dragic,https://www.basketball-reference.com/players/d/dragigo01.html
1628384,OG Anunoby,https://www.basketball-reference.com/players/a/anunoog01.html
1630567,Scottie Barnes,https://www.basketball-reference.com/players/b/barnesc01.html
1630173,Precious Achiuwa,https://www.basketball-reference.com/players/a/achiupr01.html
1630551,Justin Champagnie,https://www.basketball-reference.com/players/c/champju01.html
1630525,David Johnson,https://www.basketball-reference.com/players/j/johnsda08.html
1629004,Svi Mykhailiuk,https://www.basketball-reference.com/players/m/mykhasv01.html
1629067,Isaac Bonga,https://www.basketball-reference.com/players/b/bongais01.html
1629139,Yuta Watanabe,https://www.basketball-reference.com/players/w/watanyu01.html
1630201,Malachi Flynn,https://www.basketball-reference.com/players/f/flynnma01.html
1627832,Fred VanVleet,https://www.basketball-reference.com/players/v/vanvlfr01.html
203920,Khem Birch,https://www.basketball-reference.com/players/b/birchkh01.html
1628449,Chris Boucher,https://www.basketball-reference.com/players/b/bouchch01.html
1629018,Gary Trent Jr.,https://www.basketball-reference.com/players/t/trentga02.html
1627783,Pascal Siakam,https://www.basketball-reference.com/players/s/siakapa01.html
1630625,Dalano Banton,https://www.basketball-reference.com/players/b/bantoda01.html
201566,Russell Westbrook,https://www.basketball-reference.com/players/w/westbru01.html
2772,Trevor Ariza,https://www.basketball-reference.com/players/a/arizatr01.html
201961,Wayne Ellington,https://www.basketball-reference.com/players/e/ellinwa01.html
203076,Anthony Davis,https://www.basketball-reference.com/players/d/davisan02.html
1629659,Talen Horton-Tucker,https://www.basketball-reference.com/players/h/hortota01.html
2544,LeBron James,https://www.basketball-reference.com/players/j/jamesle01.html
2546,Carmelo Anthony,https://www.basketball-reference.com/players/a/anthoca01.html
203145,Kent Bazemore,https://www.basketball-reference.com/players/b/bazemke01.html
201599,DeAndre Jordan,https://www.basketball-reference.com/players/j/jordade01.html
1628370,Malik Monk,https://www.basketball-reference.com/players/m/monkma01.html
1629134,Kendrick Nunn,https://www.basketball-reference.com/players/n/nunnke01.html
1626169,Stanley Johnson,https://www.basketball-reference.com/players/j/johnsst04.html
1630559,Austin Reaves,https://www.basketball-reference.com/players/r/reaveau01.html
202340,Avery Bradley,https://www.basketball-reference.com/players/b/bradlav01.html
2730,Dwight Howard,https://www.basketball-reference.com/players/h/howardw01.html
1630222,Mason Jones,https://www.basketball-reference.com/players/j/jonesma05.html
1629635,Sekou Doumbouya,https://www.basketball-reference.com/players/d/doumbse01.html
1628369,Jayson Tatum,https://www.basketball-reference.com/players/t/tatumja01.html
1628408,P.J. Dozier,https://www.basketball-reference.com/players/d/doziepj01.html
1627759,Jaylen Brown,https://www.basketball-reference.com/players/b/brownja02.html
1626196,Josh Richardson,https://www.basketball-reference.com/players/r/richajo01.html
1629641,Romeo Langford,https://www.basketball-reference.com/players/l/langfro01.html
1629626,Bol Bol,https://www.basketball-reference.com/players/b/bolbo01.html
1630202,Payton Pritchard,https://www.basketball-reference.com/players/p/pritcpa01.html
1629684,Grant Williams,https://www.basketball-reference.com/players/w/willigr01.html
202683,Enes Freedom,https://www.basketball-reference.com/players/k/kanteen01.html
1630174,Aaron Nesmith,https://www.basketball-reference.com/players/n/nesmiaa01.html
1628981,Bruno Fernando,https://www.basketball-reference.com/players/f/fernabr01.html
1630573,Sam Hauser,https://www.basketball-reference.com/players/h/hausesa01.html
203935,Marcus Smart,https://www.basketball-reference.com/players/s/smartma01.html
201143,Al Horford,https://www.basketball-reference.com/players/h/horfoal01.html
1629057,Robert Williams III,https://www.basketball-reference.com/players/w/williro04.html
203471,Dennis Schroder,https://www.basketball-reference.com/players/s/schrode01.html
1630271,Brodric Thomas,https://www.basketball-reference.com/players/t/thomabr01.html
203081,Damian Lillard,https://www.basketball-reference.com/players/l/lillada01.html
1629014,Anfernee Simons,https://www.basketball-reference.com/players/s/simonan01.html
1630570,Trendon Watford,https://www.basketball-reference.com/players/w/watfotr01.html
203468,CJ McCollum,https://www.basketball-reference.com/players/m/mccolcj01.html
1630535,Greg Brown III,https://www.basketball-reference.com/players/b/browngr01.html
1629642,Nassir Little,https://www.basketball-reference.com/players/l/littlna01.html
1628372,Dennis Smith Jr.,https://www.basketball-reference.com/players/s/smithde03.html
1626204,Larry Nance Jr.,https://www.basketball-reference.com/players/n/nancela02.html
1629604,CJ Elleby,https://www.basketball-reference.com/players/e/ellebcj01.html
203503,Tony Snell,https://www.basketball-reference.com/players/s/snellto01.html
1629833,Keljin Blevins,https://www.basketball-reference.com/players/b/blevike01.html
203463,Ben McLemore,https://www.basketball-reference.com/players/m/mclembe01.html
1626181,Norman Powell,https://www.basketball-reference.com/players/p/powelno01.html
203994,Jusuf Nurkic,https://www.basketball-reference.com/players/n/nurkiju01.html
203496,Robert Covington,https://www.basketball-reference.com/players/c/covinro01.html
203469,Cody Zeller,https://www.basketball-reference.com/players/z/zelleco01.html
1626153,Delon Wright,https://www.basketball-reference.com/players/w/wrighde01.html
1630552,Jalen Johnson,https://www.basketball-reference.com/players/j/johnsja05.html
1630536,Sharife Cooper,https://www.basketball-reference.com/players/c/coopesh01.html
1628989,Kevin Huerter,https://www.basketball-reference.com/players/h/huertke01.html
1630219,Skylar Mays,https://www.basketball-reference.com/players/m/mayssk01.html
101150,Lou Williams,https://www.basketball-reference.com/players/w/willilo02.html
1627789,Timothe Luwawu-Cabarrot,https://www.basketball-reference.com/players/l/luwawti01.html
201568,Danilo Gallinari,https://www.basketball-reference.com/players/g/gallida01.html
203476,Gorgui Dieng,https://www.basketball-reference.com/players/d/dienggo01.html
1629027,Trae Young,https://www.basketball-reference.com/players/y/youngtr01.html
1629631,De'Andre Hunter,https://www.basketball-reference.com/players/h/huntede01.html
203992,Bogdan Bogdanovic,https://www.basketball-reference.com/players/b/bogdabo01.html
203991,Clint Capela,https://www.basketball-reference.com/players/c/capelca01.html
1630168,Onyeka Okongwu,https://www.basketball-reference.com/players/o/okongon01.html
1628381,John Collins,https://www.basketball-reference.com/players/c/collijo01.html
1628995,Kevin Knox II,https://www.basketball-reference.com/players/k/knoxke01.html
1629022,Lonnie Walker IV,https://www.basketball-reference.com/players/w/walkelo01.html
1629640,Keldon Johnson,https://www.basketball-reference.com/players/j/johnske04.html
1628401,Derrick White,https://www.basketball-reference.com/players/w/whitede01.html
1627749,Dejounte Murray,https://www.basketball-reference.com/players/m/murrade01.html
1630563,Joshua Primo,https://www.basketball-reference.com/players/p/primojo01.html
1629234,Drew Eubanks,https://www.basketball-reference.com/players/e/eubandr01.html
1630580,Joe Wieskamp,https://www.basketball-reference.com/players/w/wieskjo01.html
203926,Doug McDermott,https://www.basketball-reference.com/players/m/mcderdo01.html
1629719,Devontae Cacok,https://www.basketball-reference.com/players/c/cacokde01.html
1628380,Zach Collins,https://www.basketball-reference.com/players/c/colliza01.html
1630170,Devin Vassell,https://www.basketball-reference.com/players/v/vassede01.html
1627751,Jakob Poeltl,https://www.basketball-reference.com/players/p/poeltja01.html
201152,Thaddeus Young,https://www.basketball-reference.com/players/y/youngth01.html
1628966,Keita Bates-Diop,https://www.basketball-reference.com/players/b/bateske01.html
1630200,Tre Jones,https://www.basketball-reference.com/players/j/jonestr01.html
1629111,Jock Landale,https://www.basketball-reference.com/players/l/landajo01.html
1627823,Juancho Hernangomez,https://www.basketball-reference.com/players/h/hernaju01.html
203484,Kentavious Caldwell-Pope,https://www.basketball-reference.com/players/c/caldwke01.html
203078,Bradley Beal,https://www.basketball-reference.com/players/b/bealbr01.html
1628988,Aaron Holiday,https://www.basketball-reference.com/players/h/holidaa01.html
1630216,Cassius Winston,https://www.basketball-reference.com/players/w/winstca01.html
1626149,Montrezl Harrell,https://www.basketball-reference.com/players/h/harremo01.html
1629060,Rui Hachimura,https://www.basketball-reference.com/players/h/hachiru01.html
1630166,Deni Avdija,https://www.basketball-reference.com/players/a/avdijde01.html
1628418,Thomas Bryant,https://www.basketball-reference.com/players/b/bryanth01.html
1630225,Isaiah Todd,https://www.basketball-reference.com/players/t/toddis01.html
1630264,Anthony Gill,https://www.basketball-reference.com/players/g/gillan01.html
1630555,Joel Ayayi,https://www.basketball-reference.com/players/a/ayayijo01.html
203526,Raul Neto,https://www.basketball-reference.com/players/n/netora01.html
1629655,Daniel Gafford,https://www.basketball-reference.com/players/g/gaffoda01.html
1630557,Corey Kispert,https://www.basketball-reference.com/players/k/kispeco01.html
203915,Spencer Dinwiddie,https://www.basketball-reference.com/players/d/dinwisp01.html
1628398,Kyle Kuzma,https://www.basketball-reference.com/players/k/kuzmaky01.html
202722,Davis Bertans,https://www.basketball-reference.com/players/b/bertada01.html
1630167,Obi Toppin,https://www.basketball-reference.com/players/t/toppiob01.html
1630540,Miles McBride,https://www.basketball-reference.com/players/m/mcbrimi01.html
203457,Nerlens Noel,https://www.basketball-reference.com/players/n/noelne01.html
201565,Derrick Rose,https://www.basketball-reference.com/players/r/rosede01.html
1630193,Immanuel Quickley,https://www.basketball-reference.com/players/q/quickim01.html
1629656,Quentin Grimes,https://www.basketball-reference.com/players/g/grimequ01.html
202689,Kemba Walker,https://www.basketball-reference.com/players/w/walkeke02.html
1629628,RJ Barrett,https://www.basketball-reference.com/players/b/barrerj01.html
203095,Evan Fournier,https://www.basketball-reference.com/players/f/fournev01.html
202692,Alec Burks,https://www.basketball-reference.com/players/b/burksal01.html
1629629,Cam Reddish,https://www.basketball-reference.com/players/r/reddica01.html
1629011,Mitchell Robinson,https://www.basketball-reference.com/players/r/robinmi01.html
203944,Julius Randle,https://www.basketball-reference.com/players/r/randlju01.html
1630579,Jericho Sims,https://www.basketball-reference.com/players/s/simsje01.html
201959,Taj Gibson,https://www.basketball-reference.com/players/g/gibsota01.html
1629677,Luka Samanic,https://www.basketball-reference.com/players/s/samanlu01.html
1629712,Didi Louzada,https://www.basketball-reference.com/players/l/louzama01.html
1629627,Zion Williamson,https://www.basketball-reference.com/players/w/willizi01.html
1628404,Josh Hart,https://www.basketball-reference.com/players/h/hartjo01.html
1628984,Devonte' Graham,https://www.basketball-reference.com/players/g/grahade01.html
1630529,Herbert Jones,https://www.basketball-reference.com/players/j/joneshe01.html
1629638,Nickeil Alexander-Walker,https://www.basketball-reference.com/players/a/alexani01.html
1630230,Naji Marshall,https://www.basketball-reference.com/players/m/marshna01.html
1626195,Willy Hernangomez,https://www.basketball-reference.com/players/h/hernawi01.html
1629637,Jaxson Hayes,https://www.basketball-reference.com/players/h/hayesja02.html
1629109,Gary Clark,https://www.basketball-reference.com/players/c/clarkga01.html
1630184,Kira Lewis Jr.,https://www.basketball-reference.com/players/l/lewiski01.html
1627742,Brandon Ingram,https://www.basketball-reference.com/players/i/ingrabr01.html
1630631,Jose Alvarado,https://www.basketball-reference.com/players/a/alvarjo01.html
202685,Jonas Valanciunas,https://www.basketball-reference.com/players/v/valanjo01.html
1630530,Trey Murphy III,https://www.basketball-reference.com/players/m/murphtr02.html
203107,Tomas Satoransky,https://www.basketball-reference.com/players/s/satorto01.html
1629117,Wenyen Gabriel,https://www.basketball-reference.com/players/g/gabriwe01.html
202066,Garrett Temple,https://www.basketball-reference.com/players/t/templga01.html
203933,T.J. Warren,https://www.basketball-reference.com/players/w/warretj01.html
1630537,Chris Duarte,https://www.basketball-reference.com/players/d/duartch01.html
1630613,Duane Washington Jr.,https://www.basketball-reference.com/players/w/washidu02.html
202362,Lance Stephenson,https://www.basketball-reference.com/players/s/stephla01.html
1627763,Malcolm Brogdon,https://www.basketball-reference.com/players/b/brogdma01.html
203200,Justin Holiday,https://www.basketball-reference.com/players/h/holidju01.html
204456,T.J. McConnell,https://www.basketball-reference.com/players//m/mccontj01.html
1627734,Domantas Sabonis,https://www.basketball-reference.com/players/s/sabondo01.html
1629052,Oshae Brissett,https://www.basketball-reference.com/players/b/brissos01.html
1628470,Torrey Craig,https://www.basketball-reference.com/players/c/craigto01.html
1627747,Caris LeVert,https://www.basketball-reference.com/players/l/leverca01.html
1630543,Isaiah Jackson,https://www.basketball-reference.com/players/j/jacksis01.html
203087,Jeremy Lamb,https://www.basketball-reference.com/players/l/lambje01.html
1626208,Keifer Sykes,https://www.basketball-reference.com/players/s/sykeske01.html
1630678,Terry Taylor,https://www.basketball-reference.com/players/t/taylote01.html
1626167,Myles Turner,https://www.basketball-reference.com/players/t/turnemy01.html
1629048,Goga Bitadze,https://www.basketball-reference.com/players/b/bitadgo01.html
1630169,Tyrese Haliburton,https://www.basketball-reference.com/players/h/halibty01.html
1629056,Terence Davis,https://www.basketball-reference.com/players/d/daviste02.html
1628368,De'Aaron Fox,https://www.basketball-reference.com/players/f/foxde01.html
1629002,Chimezie Metu,https://www.basketball-reference.com/players/m/metuch01.html
203090,Maurice Harkless,https://www.basketball-reference.com/players/h/harklma01.html
202684,Tristan Thompson,https://www.basketball-reference.com/players/t/thomptr01.html
1630558,Davion Mitchell,https://www.basketball-reference.com/players/m/mitchda01.html
1630218,Robert Woodard II,https://www.basketball-reference.com/players/w/woodaro01.html
1630186,Jahmi'us Ramsey,https://www.basketball-reference.com/players/r/ramseja01.html
1626158,Richaun Holmes,https://www.basketball-reference.com/players/h/holmeri01.html
1629663,Louis King,https://www.basketball-reference.com/players/k/kinglo02.html
1627741,Buddy Hield,https://www.basketball-reference.com/players/h/hieldbu01.html
203458,Alex Len,https://www.basketball-reference.com/players/l/lenal01.html
1627745,Damian Jones,https://www.basketball-reference.com/players/j/jonesda03.html
1628963,Marvin Bagley III,https://www.basketball-reference.com/players/b/baglema01.html
203084,Harrison Barnes,https://www.basketball-reference.com/players/b/barneha02.html
1629674,Neemias Queta,https://www.basketball-reference.com/players/q/quetane01.html
1628983,Shai Gilgeous-Alexander,https://www.basketball-reference.com/players/g/gilgesh01.html
1630581,Josh Giddey,https://www.basketball-reference.com/players/g/giddejo01.html
1629652,Luguentz Dort,https://www.basketball-reference.com/players/d/dortlu01.html
1629647,Darius Bazley,https://www.basketball-reference.com/players/b/bazleda01.html
1628778,Paul Watson,https://www.basketball-reference.com/players/w/watsopa01.html
1630177,Theo Maledon,https://www.basketball-reference.com/players/m/maledth01.html
202324,Derrick Favors,https://www.basketball-reference.com/players/f/favorde01.html
1629660,Ty Jerome,https://www.basketball-reference.com/players/j/jeromty01.html
1630197,Aleksej Pokusevski,https://www.basketball-reference.com/players/p/pokusal01.html
1630598,Aaron Wiggins,https://www.basketball-reference.com/players/w/wiggiaa01.html
1629676,Isaiah Roby,https://www.basketball-reference.com/players/r/robyis01.html
1630544,Tre Mann,https://www.basketball-reference.com/players/m/manntr01.html
1629603,Mamadi Diakite,https://www.basketball-reference.com/players/d/diakima01.html
1630249,Vit Krejci,https://www.basketball-reference.com/players/k/krejcvi01.html
203488,Mike Muscala,https://www.basketball-reference.com/players/m/muscami01.html
1629026,Kenrich Williams,https://www.basketball-reference.com/players/w/willike04.html
1630526,Jeremiah Robinson-Earl,https://www.basketball-reference.com/players/r/robinje02.html
1630607,Chris Smith,https://www.basketball-reference.com/players/s/smithch07.html
1630595,Cade Cunningham,https://www.basketball-reference.com/players/c/cunnica01.html
1630199,Cassius Stanley,https://www.basketball-reference.com/players/s/stanlca01.html
1628402,Frank Jackson,https://www.basketball-reference.com/players/j/jacksfr01.html
1628977,Hamidou Diallo,https://www.basketball-reference.com/players/d/diallha01.html
1630165,Killian Hayes,https://www.basketball-reference.com/players/h/hayeski01.html
1626168,Trey Lyles,https://www.basketball-reference.com/players/l/lylestr01.html
203924,Jerami Grant,https://www.basketball-reference.com/players/g/grantje01.html
1630587,Isaiah Livers,https://www.basketball-reference.com/players/l/liveris01.html
203482,Kelly Olynyk,https://www.basketball-reference.com/players/o/olynyke01.html
203585,Rodney McGruder,https://www.basketball-reference.com/players/m/mcgruro01.html
202709,Cory Joseph,https://www.basketball-reference.com/players/j/josepco01.html
1628367,Josh Jackson,https://www.basketball-reference.com/players/j/jacksjo02.html
1630691,Jamorko Pickett,https://www.basketball-reference.com/players/p/pickeja01.html
1630191,Isaiah Stewart,https://www.basketball-reference.com/players/s/stewais01.html
1630240,Saben Lee,https://www.basketball-reference.com/players/l/leesa01.html
1630180,Saddiq Bey,https://www.basketball-reference.com/players/b/beysa01.html
1630568,Luka Garza,https://www.basketball-reference.com/players/g/garzalu01.html
1628371,Jonathan Isaac,https://www.basketball-reference.com/players/i/isaacjo01.html
1629643,Chuma Okeke,https://www.basketball-reference.com/players/o/okekech01.html
1630591,Jalen Suggs,https://www.basketball-reference.com/players/s/suggsja01.html
1628964,Mo Bamba,https://www.basketball-reference.com/players/b/bambamo01.html
203487,Michael Carter-Williams,https://www.basketball-reference.com/players/c/cartemi01.html
1630181,R.J. Hampton,https://www.basketball-reference.com/players/h/hamptrj01.html
203914,Gary Harris,https://www.basketball-reference.com/players/h/harriga01.html
1629649,Ignas Brazdeikis,https://www.basketball-reference.com/players/b/brazdig01.html
1628365,Markelle Fultz,https://www.basketball-reference.com/players/f/fultzma01.html
1629021,Moritz Wagner,https://www.basketball-reference.com/players/w/wagnemo01.html
1630532,Franz Wagner,https://www.basketball-reference.com/players/w/wagnefr01.html
1629678,Admiral Schofield,https://www.basketball-reference.com/players/s/schofad01.html
203082,Terrence Ross,https://www.basketball-reference.com/players/r/rosste01.html
201577,Robin Lopez,https://www.basketball-reference.com/players/l/lopezro01.html
1628976,Wendell Carter Jr.,https://www.basketball-reference.com/players/c/cartewe01.html
1630175,Cole Anthony,https://www.basketball-reference.com/players/a/anthoco01.html
202734,E'Twaun Moore,https://www.basketball-reference.com/players/m/mooreet01.html
1630224,Jalen Green,https://www.basketball-reference.com/players/g/greenja05.html
202322,John Wall,https://www.basketball-reference.com/players/w/walljo01.html
1628021,David Nwaba,https://www.basketball-reference.com/players/n/nwabada01.html
1629645,Kevin Porter Jr.,https://www.basketball-reference.com/players/p/porteke02.html
1630231,Kenyon Martin Jr.,https://www.basketball-reference.com/players/m/martike01.html
1629717,Armoni Brooks,https://www.basketball-reference.com/players/b/brookar01.html
1630256,Jae'Sean Tate,https://www.basketball-reference.com/players/t/tateja01.html
1630528,Josh Christopher,https://www.basketball-reference.com/players/c/chrisjo01.html
201569,Eric Gordon,https://www.basketball-reference.com/players/g/gordoer01.html
201571,D.J. Augustin,https://www.basketball-reference.com/players/a/augusdj01.html
1630227,Daishen Nix,https://www.basketball-reference.com/players/n/nixda01.html
1630586,Usman Garuba,https://www.basketball-reference.com/players/g/garubus01.html
1630243,Trevelin Queen,https://www.basketball-reference.com/players/q/queentr01.html
1629726,Garrison Mathews,https://www.basketball-reference.com/players/m/mathega01.html
1628464,Daniel Theis,https://www.basketball-reference.com/players/t/theisda01.html
1630578,Alperen Sengun,https://www.basketball-reference.com/players/s/sengual01.html
1626174,Christian Wood,https://www.basketball-reference.com/players/w/woodch01.html
