playerid,name,twit_url,twit_handle,insta_url,insta_handle
201580,JaVale McGee,https://twitter.com/JaValeMcGee,JaValeMcGee,https://instagram.com/javalemcgee,javalemcgee
1626164,Devin Booker,https://twitter.com/DevinBook,DevinBook,https://instagram.com/dbook,dbook
203901,Elfrid Payton,https://twitter.com/elfrid,elfrid,https://instagram.com/elfrid,elfrid
101108,Chris Paul,https://twitter.com/CP3,CP3,https://instagram.com/cp3,cp3
1626163,Frank Kaminsky,https://twitter.com/FSKPart3,FSKPart3,https://instagram.com/fskpart3,fskpart3
1630188,Jalen Smith,https://twitter.com/thejalen_smith,thejalen_smith,https://instagram.com/thejalen_smith,thejalen_smith
1627846,Abdel Nader,https://twitter.com/AbdelNader2,AbdelNader2,https://instagram.com/dulenader2,dulenader2
1630688,Ish Wainright,https://twitter.com/Wainright24,Wainright24,https://instagram.com/mailman24,mailman24
1629013,Landry Shamet,https://twitter.com/landryshamet,landryshamet,https://instagram.com/landryshamet,landryshamet
1626166,Cameron Payne,https://twitter.com/campayne,campayne,https://instagram.com/smoothcp1,smoothcp1
202687,Bismack Biyombo,https://twitter.com/bismackbiyombo,bismackbiyombo,https://instagram.com/bismackbiyombo,bismackbiyombo
203967,Dario Saric,https://twitter.com/dariosaric,dariosaric,https://instagram.com/megalodon20,megalodon20
1629028,Deandre Ayton,https://twitter.com/DeandreAyton,DeandreAyton,https://instagram.com/deandreayton,deandreayton
1629661,Cameron Johnson,,,https://instagram.com/camjohnson23,camjohnson23
1628969,Mikal Bridges,https://twitter.com/mikal_bridges,mikal_bridges,https://instagram.com/mikalbridges,mikalbridges
203109,Jae Crowder,https://twitter.com/CJC9BOSS,CJC9BOSS,https://instagram.com/bossmann99,bossmann99
1629216,Gabe Vincent,https://twitter.com/iamgabevincent2,iamgabevincent2,https://instagram.com/iamgabevincent2,iamgabevincent2
203506,Victor Oladipo,https://twitter.com/VicOladipo,VicOladipo,https://instagram.com/vicoladipo,vicoladipo
1629657,Kyle Guy,https://twitter.com/kylejguy,kylejguy,https://instagram.com/kylejguy,kylejguy
200768,Kyle Lowry,https://twitter.com/Klow7,Klow7,https://instagram.com/kyle_lowry7,kyle_lowry7
202693,Markieff Morris,https://twitter.com/Keefmorris,Keefmorris,https://instagram.com/keefmorris5.0,keefmorris5.0
1629644,KZ Okpala,https://twitter.com/kz_okpala_,kz_okpala_,https://instagram.com/kzokpala,kzokpala
1628389,Bam Adebayo,https://twitter.com/Bam1of1,Bam1of1,https://instagram.com/Bam1of1,Bam1of1
1629639,Tyler Herro,https://twitter.com/raf_tyler,raf_tyler,https://instagram.com/nolimitherro,nolimitherro
1628997,Caleb Martin,https://twitter.com/Calebmartin14,Calebmartin14,https://instagram.com/caleb_martin10,caleb_martin10
200782,P.J. Tucker,,,https://instagram.com/pjtucker,pjtucker
203473,Dewayne Dedmon,https://twitter.com/d_dedmon3,d_dedmon3,https://instagram.com/d_dedmon3,d_dedmon3
202710,Jimmy Butler,https://twitter.com/JimmyButler,JimmyButler,https://instagram.com/jimmybutler,jimmybutler
1629735,Chris Silva,https://twitter.com/SilvaObame,SilvaObame,https://instagram.com/correiaysilva,correiaysilva
1629622,Max Strus,,,https://instagram.com/maxstrus,maxstrus
2617,Udonis Haslem,https://twitter.com/ThisIsUD,ThisIsUD,https://instagram.com/ud40,ud40
1629130,Duncan Robinson,https://twitter.com/D_Bo20,D_Bo20,https://instagram.com/d_bo20,d_bo20
1630209,Omer Yurtseven,https://twitter.com/OmerYurtseven5,OmerYurtseven5,https://instagram.com/omeryurtseven,omeryurtseven
1630792,Malcolm Hill,https://twitter.com/Malcolmillini21,Malcolmillini21,https://instagram.com/malcolmillini21,malcolmillini21
1629632,Coby White,https://twitter.com/CobyWhite,CobyWhite,https://instagram.com/cobywhite,cobywhite
1628366,Lonzo Ball,https://twitter.com/ZO2_,ZO2_,https://instagram.com/zo,zo
1627884,Derrick Jones Jr.,https://twitter.com/TheRea1DJones,TheRea1DJones,https://instagram.com/therea1djones,therea1djones
1627936,Alex Caruso,https://twitter.com/ACFresh21,ACFresh21,https://instagram.com/acfresh21,acfresh21
1628972,Troy Brown Jr.,https://twitter.com/Troy_Brown33,Troy_Brown33,https://instagram.com/troybrown.jr,troybrown.jr
203897,Zach LaVine,https://twitter.com/ZachLaVine,ZachLaVine,https://instagram.com/zachlavine8,zachlavine8
202696,Nikola Vucevic,https://twitter.com/NikolaVucevic,NikolaVucevic,https://instagram.com/nikola9vucevic,nikola9vucevic
201942,DeMar DeRozan,https://twitter.com/DeMar_DeRozan,DeMar_DeRozan,https://instagram.com/demar_derozan,demar_derozan
1630245,Ayo Dosunmu,https://twitter.com/AyoDos_11,AyoDos_11,https://instagram.com/ayodos_11,ayodos_11
1628396,Tony Bradley,https://twitter.com/ToBrad1,ToBrad1,https://instagram.com/tobrad13,tobrad13
1630250,Marko Simonovic,https://twitter.com/simke12,simke12,https://instagram.com/simke_12,simke_12
1629744,Matt Thomas,https://twitter.com/Theiceman_21,Theiceman_21,https://instagram.com/mattthomas_21,mattthomas_21
1629750,Javonte Green,https://twitter.com/2Xtremebounce,2Xtremebounce,https://instagram.com/savagewoo2,savagewoo2
1629076,Tyler Cook,https://twitter.com/iamtc25,iamtc25,https://instagram.com/iamtc25,iamtc25
1628035,Alfonzo McKinnie,https://twitter.com/_Alvo_,_Alvo_,https://instagram.com/_alvo_,_alvo_
1630172,Patrick Williams,https://twitter.com/patricklw4,patricklw4,https://instagram.com/patwilliams,patwilliams
1627780,Gary Payton II,https://twitter.com/GaryPayton,GaryPayton,,
1630228,Jonathan Kuminga,https://twitter.com/JonathanKuming6,JonathanKuming6,https://instagram.com/jonathan_kuminga,jonathan_kuminga
1627814,Damion Lee,https://twitter.com/Dami0nLee,Dami0nLee,https://instagram.com/dami0nlee,dami0nlee
1629185,Chris Chiozza,https://twitter.com/Chiozza11,Chiozza11,https://instagram.com/chiozza11,chiozza11
1629673,Jordan Poole,,,https://instagram.com/jordan_poole,jordan_poole
1630541,Moses Moody,https://twitter.com/mosesmoody,mosesmoody,https://instagram.com/mosesmoody,mosesmoody
1626172,Kevon Looney,https://twitter.com/Loon_Rebel5,Loon_Rebel5,https://instagram.com/looney,looney
202357,Nemanja Bjelica,https://twitter.com/NemanjaBjelica,NemanjaBjelica,https://instagram.com/nemanjabjelica8,nemanjabjelica8
2738,Andre Iguodala,https://twitter.com/andre,andre,https://instagram.com/andre,andre
202691,Klay Thompson,https://twitter.com/KlayThompson,KlayThompson,https://instagram.com/klaythompson,klaythompson
1629683,Quinndary Weatherspoon,https://twitter.com/IAM_QUINN11,IAM_QUINN11,https://instagram.com/iamquinn_11,iamquinn_11
203952,Andrew Wiggins,https://twitter.com/22wiggins,22wiggins,https://instagram.com/22wiggins,22wiggins
203110,Draymond Green,https://twitter.com/Money23Green,Money23Green,https://instagram.com/money23green,money23green
201939,Stephen Curry,https://twitter.com/StephenCurry30,StephenCurry30,https://instagram.com/stephencurry30,stephencurry30
203490,Otto Porter Jr.,https://twitter.com/OttoPorter,OttoPorter,,
1630164,James Wiseman,https://twitter.com/BigTicket_JW,BigTicket_JW,https://instagram.com/bigticket_j13,bigticket_j13
1629308,Juan Toscano-Anderson,https://twitter.com/juanonjuan10,juanonjuan10,https://instagram.com/juanonjuan10,juanonjuan10
1630178,Tyrese Maxey,https://twitter.com/TyreseMaxey,TyreseMaxey,https://instagram.com/tyresemaxey,tyresemaxey
203083,Andre Drummond,https://twitter.com/AndreDrummond,AndreDrummond,https://instagram.com/andredrummondd,andredrummondd
1629619,Myles Powell,https://twitter.com/YDWILU,YDWILU,https://instagram.com/2mbp_,2mbp_
1630198,Isaiah Joe,https://twitter.com/zai_joe1,zai_joe1,https://instagram.com/zai.joe1,zai.joe1
1630531,Jaden Springer,https://twitter.com/jadenspringer11,jadenspringer11,https://instagram.com/jaden,jaden
202699,Tobias Harris,https://twitter.com/tobias31,tobias31,https://instagram.com/tobiasharris,tobiasharris
201980,Danny Green,https://twitter.com/DGreen_14,DGreen_14,https://instagram.com/greenranger14,greenranger14
1629718,Charlie Brown Jr.,https://twitter.com/charleskbrownjr,charleskbrownjr,,
1629003,Shake Milton,https://twitter.com/SniperShake,SniperShake,https://instagram.com/snipershake,snipershake
1627777,Georges Niang,https://twitter.com/GeorgesNiang20,GeorgesNiang20,https://instagram.com/georgesniang,georgesniang
203954,Joel Embiid,https://twitter.com/JoelEmbiid,JoelEmbiid,https://instagram.com/joelmbiid,joelmbiid
1629680,Matisse Thybulle,https://twitter.com/MatisseThybulle,MatisseThybulle,https://instagram.com/theycallmetisse,theycallmetisse
1629646,Charles Bassey,https://twitter.com/CB_ONES23,CB_ONES23,https://instagram.com/cb_ones23,cb_ones23
1627732,Ben Simmons,https://twitter.com/BenSimmons25,BenSimmons25,https://instagram.com/bensimmons,bensimmons
1627788,Furkan Korkmaz,https://twitter.com/FurkanKorkmaz,FurkanKorkmaz,https://instagram.com/furkankorkmaz,furkankorkmaz
203552,Seth Curry,https://twitter.com/sdotcurry,sdotcurry,https://instagram.com/sdotcurry,sdotcurry
1630194,Paul Reed,https://twitter.com/Bball_paul,Bball_paul,https://instagram.com/bball_paul,bball_paul
1629001,De'Anthony Melton,https://twitter.com/DeAnthonyMelton,DeAnthonyMelton,https://instagram.com/deanthonymelton,deanthonymelton
203937,Kyle Anderson,https://twitter.com/KyleAnderson5,KyleAnderson5,https://instagram.com/teamslowmo,teamslowmo
1630214,Xavier Tillman,https://twitter.com/Rookiedunker,Rookiedunker,https://instagram.com/xavier_tillman23,xavier_tillman23
1630179,Tyrell Terry,https://twitter.com/tyterry05,tyterry05,https://instagram.com/tyterry_,tyterry_
203500,Steven Adams,https://twitter.com/RealStevenAdams,RealStevenAdams,https://instagram.com/stevenadams,stevenadams
1630582,Yves Pons,https://twitter.com/Airpons,Airpons,https://instagram.com/yves_airpons,yves_airpons
1630583,Santi Aldama,https://twitter.com/santialdama,santialdama,https://instagram.com/santialdama,santialdama
1630533,Ziaire Williams,https://twitter.com/therealZiaire,therealZiaire,https://instagram.com/ziaire,ziaire
1629630,Ja Morant,https://twitter.com/JaMorant,JaMorant,https://instagram.com/jamorant,jamorant
1628991,Jaren Jackson Jr.,,,,
1629634,Brandon Clarke,https://twitter.com/brandonclarke23,brandonclarke23,https://instagram.com/brandon_clarke23,brandon_clarke23
1626145,Tyus Jones,https://twitter.com/1Tyus,1Tyus,https://instagram.com/1tyus,1tyus
1630217,Desmond Bane,https://twitter.com/DBane0625,DBane0625,https://instagram.com/_dbane1,_dbane1
1629633,Jarrett Culver,https://twitter.com/jarrettc08,jarrettc08,https://instagram.com/jarrett_23,jarrett_23
1628415,Dillon Brooks,https://twitter.com/dillonbrooks24,dillonbrooks24,https://instagram.com/dillonbrooks24,dillonbrooks24
1629681,Killian Tillie,https://twitter.com/KillianTillie,KillianTillie,https://instagram.com/kill_till_33,kill_till_33
1629723,John Konchar,https://twitter.com/konchjitty55,konchjitty55,https://instagram.com/konchar,konchar
201567,Kevin Love,https://twitter.com/kevinlove,kevinlove,https://instagram.com/kevinlove,kevinlove
1629164,Brandon Goodwin,https://twitter.com/goodysav,goodysav,https://instagram.com/toughlay,toughlay
200765,Rajon Rondo,https://twitter.com/RajonRondo,RajonRondo,https://instagram.com/rajonrondo,rajonrondo
1629012,Collin Sexton,https://twitter.com/CollinSexton02,CollinSexton02,https://instagram.com/collinyoungbull,collinyoungbull
201937,Ricky Rubio,https://twitter.com/rickyrubio9,rickyrubio9,https://instagram.com/ruuufio,ruuufio
1630596,Evan Mobley,https://twitter.com/evanmobley,evanmobley,https://instagram.com/evanmobley4,evanmobley4
1630612,RJ Nembhard Jr.,https://twitter.com/RubeNembhard,RubeNembhard,,
1630698,Kevin Pangos,https://twitter.com/KPangos,KPangos,https://instagram.com/kpangos,kpangos
1630205,Lamar Stevens,https://twitter.com/LamarStevens11,LamarStevens11,https://instagram.com/marstevens11,marstevens11
1629685,Dylan Windler,https://twitter.com/Dylan_Windler23,Dylan_Windler23,https://instagram.com/d_win23,d_win23
1629636,Darius Garland,https://twitter.com/dariusgarland22,dariusgarland22,https://instagram.com/darius_garland,darius_garland
1626224,Cedi Osman,https://twitter.com/cediosman,cediosman,https://instagram.com/cediosman,cediosman
202334,Ed Davis,https://twitter.com/eddavisXVII,eddavisXVII,https://instagram.com/eddavisxvii,eddavisxvii
1628374,Lauri Markkanen,https://twitter.com/MarkkanenLauri,MarkkanenLauri,https://instagram.com/laurimarkkanen,laurimarkkanen
1628386,Jarrett Allen,https://twitter.com/_bigjayy_,_bigjayy_,https://instagram.com/_bigjayy_,_bigjayy_
1629731,Dean Wade,https://twitter.com/deanwade3232,deanwade3232,https://instagram.com/deanwade32,deanwade32
1630171,Isaac Okoro,https://twitter.com/isaacokoro303,isaacokoro303,https://instagram.com/isaacokoro,isaacokoro
203903,Jordan Clarkson,https://twitter.com/JordanClarksons,JordanClarksons,https://instagram.com/jordanclarksons,jordanclarksons
1629672,Eric Paschall,https://twitter.com/epaschall,epaschall,https://instagram.com/epaschall,epaschall
204060,Joe Ingles,https://twitter.com/Joeingles7,Joeingles7,https://instagram.com/joeingles7,joeingles7
1630235,Trent Forrest,https://twitter.com/TForrest_11,TForrest_11,https://instagram.com/trentforrest,trentforrest
1627863,Danuel House Jr.,https://twitter.com/DanuelHouseJr,DanuelHouseJr,https://instagram.com/dk2house,dk2house
200752,Rudy Gay,https://twitter.com/RudyGay,RudyGay,https://instagram.com/rudygay,rudygay
201144,Mike Conley,https://twitter.com/mconley11,mconley11,https://instagram.com/mac10,mac10
1630215,Jared Butler,https://twitter.com/J_Hooper11,J_Hooper11,https://instagram.com/_xjaredx_,_xjaredx_
1628962,Udoka Azubuike,https://twitter.com/udoka35,udoka35,https://instagram.com/udoka_azubuike,udoka_azubuike
202355,Hassan Whiteside,https://twitter.com/youngwhiteside,youngwhiteside,https://instagram.com/hassanwhiteside,hassanwhiteside
1626220,Royce O'Neale,https://twitter.com/BucketsONeale00,BucketsONeale00,https://instagram.com/rolls_royce00,rolls_royce00
203497,Rudy Gobert,https://twitter.com/rudygobert27,rudygobert27,https://instagram.com/rudygobert27,rudygobert27
1630190,Elijah Hughes,https://twitter.com/elijahhughes4_,elijahhughes4_,https://instagram.com/_elijahhughes,_elijahhughes
202711,Bojan Bogdanovic,https://twitter.com/44Bojan,44Bojan,https://instagram.com/44bojan,44bojan
1628378,Donovan Mitchell,https://twitter.com/spidadmitchell,spidadmitchell,https://instagram.com/spidadmitchell,spidadmitchell
1628425,Sterling Brown,https://twitter.com/thatnegus_sb,thatnegus_sb,https://instagram.com/sb23_thegeneral,sb23_thegeneral
203504,Trey Burke,https://twitter.com/TreyBurke,TreyBurke,https://instagram.com/treyburke,treyburke
204001,Kristaps Porzingis,https://twitter.com/kporzee,kporzee,https://instagram.com/kporzee,kporzee
203939,Dwight Powell,https://twitter.com/DwightPowell33,DwightPowell33,https://instagram.com/dwightpowell,dwightpowell
1630182,Josh Green,https://twitter.com/JoshBGreen,JoshBGreen,https://instagram.com/joshgreen,joshgreen
1629650,Moses Brown,https://twitter.com/MosesBrown_,MosesBrown_,https://instagram.com/moses_tv,moses_tv
1627827,Dorian Finney-Smith,https://twitter.com/doefinney_10,doefinney_10,https://instagram.com/doedoe_10,doedoe_10
203501,Tim Hardaway Jr.,https://twitter.com/HardawaySr,HardawaySr,,
1628973,Jalen Brunson,https://twitter.com/jalenbrunson1,jalenbrunson1,https://instagram.com/jalenbrunson1,jalenbrunson1
1628373,Frank Ntilikina,https://twitter.com/FrankLikina,FrankLikina,https://instagram.com/frank_ntilikina,frank_ntilikina
1629033,Theo Pinson,https://twitter.com/tpinsonn,tpinsonn,https://instagram.com/tpinsonn,tpinsonn
203493,Reggie Bullock,https://twitter.com/ReggieBullock35,ReggieBullock35,https://instagram.com/y0bull,y0bull
1627737,Marquese Chriss,https://twitter.com/quese,quese,https://instagram.com/quese,quese
1628467,Maxi Kleber,https://twitter.com/MaxiKleber,MaxiKleber,https://instagram.com/maximilian.kleber,maximilian.kleber
1626246,Boban Marjanovic,https://twitter.com/BobanMarjanovic,BobanMarjanovic,https://instagram.com/boban,boban
1629029,Luka Doncic,https://twitter.com/luka7doncic,luka7doncic,https://instagram.com/lukadoncic,lukadoncic
1628978,Donte DiVincenzo,https://twitter.com/Divincenzo,Divincenzo,https://instagram.com/divincenzo,divincenzo
201588,George Hill,https://twitter.com/George_Hill3,George_Hill3,https://instagram.com/indianageorge3,indianageorge3
203918,Rodney Hood,https://twitter.com/rodneyhood,rodneyhood,https://instagram.com/hoodie5,hoodie5
1628960,Grayson Allen,https://twitter.com/GraysonJAllen,GraysonJAllen,https://instagram.com/graysonjallen,graysonjallen
1626171,Bobby Portis,https://twitter.com/BPortistime,BPortistime,https://instagram.com/bportistime,bportistime
201572,Brook Lopez,https://twitter.com/RealBrookLopez,RealBrookLopez,,
1629670,Jordan Nwora,https://twitter.com/JordanNwora,JordanNwora,https://instagram.com/jordannwora,jordannwora
201950,Jrue Holiday,https://twitter.com/Jrue_Holiday11,Jrue_Holiday11,https://instagram.com/jrue_holiday11,jrue_holiday11
203114,Khris Middleton,https://twitter.com/Khris22m,Khris22m,https://instagram.com/k_mid22,k_mid22
202083,Wesley Matthews,https://twitter.com/WessyWes23,WessyWes23,https://instagram.com/wessywes23,wessywes23
1626192,Pat Connaughton,https://twitter.com/pconnaughton,pconnaughton,https://instagram.com/patconnaughton,patconnaughton
1629623,Lindell Wigginton,https://twitter.com/Lwigginton5,Lwigginton5,https://instagram.com/rnstmojo,rnstmojo
203507,Giannis Antetokounmpo,https://twitter.com/Giannis_An34,Giannis_An34,https://instagram.com/Giannis_An34,Giannis_An34
1628400,Semi Ojeleye,https://twitter.com/semi,semi,https://instagram.com/semi,semi
203648,Thanasis Antetokounmpo,https://twitter.com/Thanasis_ante43,Thanasis_ante43,https://instagram.com/thanasis_ante43,thanasis_ante43
1630572,Sandro Mamukelashvili,https://twitter.com/Mamukelashvili5,Mamukelashvili5,https://instagram.com/ma23mu,ma23mu
1630210,Markus Howard,https://twitter.com/markushoward11,markushoward11,https://instagram.com/markus.howard,markus.howard
203210,JaMychal Green,https://twitter.com/Jmyke1,Jmyke1,https://instagram.com/roadtoriches_0,roadtoriches_0
1629008,Michael Porter Jr.,https://twitter.com/MPJr,MPJr,https://instagram.com/mpj,mpj
1630538,Bones Hyland,https://twitter.com/BizzyBones11,BizzyBones11,,
202326,DeMarcus Cousins,https://twitter.com/boogiecousins,boogiecousins,https://instagram.com/boogiecousins,boogiecousins
203115,Will Barton,https://twitter.com/WillTheThrillB5,WillTheThrillB5,,
1630267,Facundo Campazzo,https://twitter.com/facucampazzo,facucampazzo,https://instagram.com/facucampazzo,facucampazzo
1627854,Bryn Forbes,https://twitter.com/BrynjForbes,BrynjForbes,https://instagram.com/brynforbes,brynforbes
1628432,Davon Reed,https://twitter.com/ClutchREED_5,ClutchREED_5,https://instagram.com/clutchreed_5,clutchreed_5
1628420,Monte Morris,https://twitter.com/BigGameTae,BigGameTae,https://instagram.com/biggametae,biggametae
203999,Nikola Jokic,https://twitter.com/JokicNikola15,JokicNikola15,https://instagram.com/nikolajokicofficial,nikolajokicofficial
1630192,Zeke Nnaji,https://twitter.com/ZekeNnaji_Hoopz,ZekeNnaji_Hoopz,https://instagram.com/zekennaji,zekennaji
203085,Austin Rivers,https://twitter.com/AustinRivers25,AustinRivers25,https://instagram.com/austinjrivers,austinjrivers
1627750,Jamal Murray,https://twitter.com/BeMore27,BeMore27,https://instagram.com/bemore27,bemore27
1628427,Vlatko Cancar,https://twitter.com/CancarVlatko,CancarVlatko,https://instagram.com/cancar31,cancar31
201145,Jeff Green,https://twitter.com/unclejeffgreen,unclejeffgreen,https://instagram.com/unclejeffgreen,unclejeffgreen
203932,Aaron Gordon,https://twitter.com/Double0AG,Double0AG,https://instagram.com/aarongordon,aarongordon
1628975,Jevon Carter,https://twitter.com/nextlevel_03,nextlevel_03,https://instagram.com/nexylevel_03,nexylevel_03
1628971,Bruce Brown,https://twitter.com/BruceBrown11,BruceBrown11,https://instagram.com/brucebrown11,brucebrown11
201933,Blake Griffin,https://twitter.com/blakegriffin23,blakegriffin23,https://instagram.com/blakegriffin23,blakegriffin23
1630561,David Duke Jr.,https://twitter.com/daviddukejr,daviddukejr,https://instagram.com/daviddukejr,daviddukejr
201142,Kevin Durant,https://twitter.com/KDTrey5,KDTrey5,https://instagram.com/easymoneysniper,easymoneysniper
201988,Patty Mills,https://twitter.com/Patty_Mills,Patty_Mills,https://instagram.com/balapat,balapat
202681,Kyrie Irving,https://twitter.com/KyrieIrving,KyrieIrving,https://instagram.com/kyrieirving,kyrieirving
203925,Joe Harris,,,https://instagram.com/joeharris__12,joeharris__12
201935,James Harden,https://twitter.com/JHarden13,JHarden13,https://instagram.com/jharden13,jharden13
1630556,Kessler Edwards,https://twitter.com/KesslerEdwards,KesslerEdwards,https://instagram.com/kessleredwards,kessleredwards
201949,James Johnson,https://twitter.com/IamJJ16,IamJJ16,https://instagram.com/james16johnson_,james16johnson_
1630549,Day'Ron Sharpe,https://twitter.com/dayron_sharpe,dayron_sharpe,https://instagram.com/d.sharpe23,d.sharpe23
200746,LaMarcus Aldridge,https://twitter.com/aldridge_12,aldridge_12,https://instagram.com/aldridge_121,aldridge_121
1630560,Cam Thomas,https://twitter.com/24_camthomas,24_camthomas,https://instagram.com/cam.__thomas,cam.__thomas
200794,Paul Millsap,https://twitter.com/Paulmillsap4,Paulmillsap4,https://instagram.com/paulmillsap4,paulmillsap4
1629651,Nic Claxton,https://twitter.com/_claxton33,_claxton33,https://instagram.com/nicolasclaxton,nicolasclaxton
1627761,DeAndre' Bembry,https://twitter.com/fearthefro95,fearthefro95,https://instagram.com/fearthefro95,fearthefro95
1630206,Jay Scrubb,https://twitter.com/jayscrubb,jayscrubb,https://instagram.com/jayscrubb,jayscrubb
202704,Reggie Jackson,https://twitter.com/Reggie_Jackson,Reggie_Jackson,https://instagram.com/reggie_jackson,reggie_jackson
202695,Kawhi Leonard,https://twitter.com/kawhileonard,kawhileonard,,
1630527,Brandon Boston Jr.,https://twitter.com/bboston_,bboston_,https://instagram.com/brandonboston,brandonboston
1628379,Luke Kennard,https://twitter.com/LukeKennard5,LukeKennard5,https://instagram.com/lukekennard5,lukekennard5
1629599,Amir Coffey,https://twitter.com/coffeyshop_,coffeyshop_,https://instagram.com/coffeyshop,coffeyshop
202694,Marcus Morris Sr.,https://twitter.com/MookMorris2,MookMorris2,https://instagram.com/foestar13,foestar13
201586,Serge Ibaka,https://twitter.com/sergeibaka,sergeibaka,https://instagram.com/sergeibaka,sergeibaka
202339,Eric Bledsoe,https://twitter.com/EBled2,EBled2,https://instagram.com/thebledshow,thebledshow
202331,Paul George,https://twitter.com/Yg_Trece,Yg_Trece,https://instagram.com/ygtrece,ygtrece
1629611,Terance Mann,https://twitter.com/terance_mann,terance_mann,https://instagram.com/terance,terance
1630554,Jason Preston,https://twitter.com/Treballjay11,Treballjay11,https://instagram.com/jasonpreston0,jasonpreston0
1626159,Justise Winslow,https://twitter.com/IAmJustise,IAmJustise,https://instagram.com/iamjustise,iamjustise
201587,Nicolas Batum,https://twitter.com/nicolas88batum,nicolas88batum,https://instagram.com/nicbatum88,nicbatum88
1627826,Ivica Zubac,https://twitter.com/ivicazubac,ivicazubac,https://instagram.com/ivicazubac,ivicazubac
1630553,Keon Johnson,https://twitter.com/iamkeonjohnson,iamkeonjohnson,https://instagram.com/iamkeonjohnson,iamkeonjohnson
1628392,Isaiah Hartenstein,https://twitter.com/Ipjh55,Ipjh55,https://instagram.com/ipjh55,ipjh55
1628970,Miles Bridges,https://twitter.com/MilesBridges,MilesBridges,https://instagram.com/milesbridges,milesbridges
1630163,LaMelo Ball,https://twitter.com/MELOD1P,MELOD1P,https://instagram.com/melo,melo
1626179,Terry Rozier,https://twitter.com/T_Rozzay3,T_Rozzay3,,
1630547,James Bouknight,https://twitter.com/jam3s210,jam3s210,https://instagram.com/james.bouknight,james.bouknight
1629667,Jalen McDaniels,https://twitter.com/jalenmcdaniels5,jalenmcdaniels5,https://instagram.com/jalenmcdaniels,jalenmcdaniels
202397,Ish Smith,https://twitter.com/IshSmith,IshSmith,https://instagram.com/ishsmith5,ishsmith5
1628998,Cody Martin,https://twitter.com/cody_martin15,cody_martin15,https://instagram.com/cody_martin15,cody_martin15
1626162,Kelly Oubre Jr.,https://twitter.com/KELLYOUBREJR,KELLYOUBREJR,https://instagram.com/kellyoubrejr,kellyoubrejr
1630208,Nick Richards,https://twitter.com/iamnickrichards,iamnickrichards,https://instagram.com/nickrichards_,nickrichards_
1630575,Scottie Lewis,https://twitter.com/Scottie23L,Scottie23L,https://instagram.com/scottie.23,scottie.23
202330,Gordon Hayward,https://twitter.com/gordonhayward,gordonhayward,https://instagram.com/gordonhayward,gordonhayward
1630550,JT Thor,https://twitter.com/thorrjt,thorrjt,https://instagram.com/jt.bandz,jt.bandz
1630176,Vernon Carey Jr.,https://twitter.com/vernoncarey22,vernoncarey22,https://instagram.com/vernon,vernon
1630539,Kai Jones,https://twitter.com/242_jones,242_jones,https://instagram.com/kaijones242,kaijones242
203486,Mason Plumlee,https://twitter.com/masonplumlee,masonplumlee,https://instagram.com/masonplumlee,masonplumlee
1629023,P.J. Washington,https://twitter.com/PJWashington,PJWashington,https://instagram.com/pj_washington,pj_washington
1629083,Arnoldas Kulboka,https://twitter.com/kulboka98,kulboka98,https://instagram.com/kulboka8,kulboka8
1626156,D'Angelo Russell,https://twitter.com/Dloading,Dloading,https://instagram.com/dloading,dloading
1630162,Anthony Edwards,https://twitter.com/theantedwards_,theantedwards_,https://instagram.com/theanthonyedwards_,theanthonyedwards_
1630183,Jaden McDaniels,https://twitter.com/Jmcdaniels7,Jmcdaniels7,https://instagram.com/therealjadenmcdaniels,therealjadenmcdaniels
1629669,Jaylen Nowell,https://twitter.com/JaylenNowell,JaylenNowell,https://instagram.com/jaylennowell,jaylennowell
1627736,Malik Beasley,https://twitter.com/Mb5Malik,Mb5Malik,https://instagram.com/mbeasy5,mbeasy5
1629162,Jordan McLaughlin,https://twitter.com/itsmclaughlin11,itsmclaughlin11,https://instagram.com/itsmclaughlin11,itsmclaughlin11
1629020,Jarred Vanderbilt,https://twitter.com/JVando,JVando,https://instagram.com/jvando_,jvando_
1630195,Leandro Bolmaro,https://twitter.com/BolmaroLeandro,BolmaroLeandro,https://instagram.com/leandro_bolmaro,leandro_bolmaro
1627774,Jake Layman,https://twitter.com/JLayman10,JLayman10,https://instagram.com/j_lay_lay,j_lay_lay
1629675,Naz Reid,https://twitter.com/NazReid,NazReid,https://instagram.com/hollywood.naz,hollywood.naz
1627752,Taurean Prince,https://twitter.com/taureanprince,taureanprince,https://instagram.com/taureanprince,taureanprince
1630233,Nathan Knight,https://twitter.com/nateknght,nateknght,https://instagram.com/nateknght,nateknght
1629006,Josh Okogie,https://twitter.com/CallMe_NonStop,CallMe_NonStop,https://instagram.com/callme_nonstop,callme_nonstop
201976,Patrick Beverley,https://twitter.com/patbev21,patbev21,https://instagram.com/patbev21,patbev21
1630593,McKinley Wright IV,https://twitter.com/kin_wright25,kin_wright25,https://instagram.com/showtime_kin25,showtime_kin25
1626157,Karl-Anthony Towns,https://twitter.com/KarlTowns,KarlTowns,https://instagram.com/karltowns,karltowns
201609,Goran Dragic,https://twitter.com/Goran_Dragic,Goran_Dragic,https://instagram.com/the_1_dragon,the_1_dragon
1628384,OG Anunoby,https://twitter.com/OAnunoby,OAnunoby,https://instagram.com/oanunoby,oanunoby
1630567,Scottie Barnes,https://twitter.com/ScottBarnes561,ScottBarnes561,https://instagram.com/ya.boy.scottie,ya.boy.scottie
1630173,Precious Achiuwa,https://twitter.com/PreciousAchiuwa,PreciousAchiuwa,https://instagram.com/PreciousAchiuwa,PreciousAchiuwa
1630551,Justin Champagnie,https://twitter.com/JusChampagnie,JusChampagnie,https://instagram.com/jchampagnie,jchampagnie
1630525,David Johnson,,,,
1629004,Svi Mykhailiuk,https://twitter.com/Sviat_10,Sviat_10,https://instagram.com/Sviat_10,Sviat_10
1629067,Isaac Bonga,https://twitter.com/isaacbonga,isaacbonga,https://instagram.com/izzy_b99,izzy_b99
1629139,Yuta Watanabe,https://twitter.com/wacchi1013,wacchi1013,https://instagram.com/yutawatanabe12,yutawatanabe12
1630201,Malachi Flynn,https://twitter.com/malachiflynn,malachiflynn,https://instagram.com/malachiflynn,malachiflynn
1627832,Fred VanVleet,https://twitter.com/FredVanVleet,FredVanVleet,https://instagram.com/fredvanvleet,fredvanvleet
203920,Khem Birch,https://twitter.com/Khem_Birch,Khem_Birch,https://instagram.com/khembirch,khembirch
1628449,Chris Boucher,https://twitter.com/chrisboucher,chrisboucher,https://instagram.com/slimmduck,slimmduck
1629018,Gary Trent Jr.,,,,
1627783,Pascal Siakam,https://twitter.com/pskills43,pskills43,https://instagram.com/pskills43,pskills43
1630625,Dalano Banton,https://twitter.com/DALANOBANTON,DALANOBANTON,https://instagram.com/_dubberdon,_dubberdon
201566,Russell Westbrook,https://twitter.com/russwest44,russwest44,https://instagram.com/russwest44,russwest44
2772,Trevor Ariza,https://twitter.com/TrevorAriza,TrevorAriza,https://instagram.com/trevrizza1,trevrizza1
201961,Wayne Ellington,https://twitter.com/WayneEllington,WayneEllington,https://instagram.com/wayneellington,wayneellington
203076,Anthony Davis,https://twitter.com/AntDavis23,AntDavis23,https://instagram.com/antdavis23,antdavis23
1629659,Talen Horton-Tucker,https://twitter.com/Thortontucker,Thortontucker,https://instagram.com/5talen,5talen
2544,LeBron James,https://twitter.com/KingJames,KingJames,https://instagram.com/kingjames,kingjames
2546,Carmelo Anthony,https://twitter.com/carmeloanthony,carmeloanthony,https://instagram.com/carmeloanthony,carmeloanthony
203145,Kent Bazemore,https://twitter.com/24Bazemore,24Bazemore,https://instagram.com/24baze,24baze
201599,DeAndre Jordan,https://twitter.com/DeAndre,DeAndre,https://instagram.com/deandre,deandre
1628370,Malik Monk,https://twitter.com/AhmadMonk,AhmadMonk,https://instagram.com/ahmad_monk,ahmad_monk
1629134,Kendrick Nunn,https://twitter.com/nunnbetter_,nunnbetter_,https://instagram.com/nunnbetter_,nunnbetter_
1626169,Stanley Johnson,https://twitter.com/iAmSJ,iAmSJ,https://instagram.com/stanimal,stanimal
1630559,Austin Reaves,,,https://instagram.com/austinreaves12,austinreaves12
202340,Avery Bradley,https://twitter.com/Avery0Bradley,Avery0Bradley,,
2730,Dwight Howard,https://twitter.com/DwightHoward,DwightHoward,https://instagram.com/dwighthoward,dwighthoward
1630222,Mason Jones,https://twitter.com/masonjones2,masonjones2,https://instagram.com/_masonjones15,_masonjones15
1629635,Sekou Doumbouya,https://twitter.com/sekou_doums,sekou_doums,https://instagram.com/sekou_doumbouya_,sekou_doumbouya_
1628369,Jayson Tatum,https://twitter.com/jaytatum0,jaytatum0,https://instagram.com/jaytatum0,jaytatum0
1628408,P.J. Dozier,https://twitter.com/Dozier_Kid,Dozier_Kid,https://instagram.com/dozier_kid,dozier_kid
1627759,Jaylen Brown,https://twitter.com/FCHWPO,FCHWPO,https://instagram.com/fchwpo,fchwpo
1626196,Josh Richardson,https://twitter.com/J_Rich1,J_Rich1,https://instagram.com/jrich_0,jrich_0
1629641,Romeo Langford,https://twitter.com/yeahyeah22,yeahyeah22,https://instagram.com/yeahyeah22,yeahyeah22
1629626,Bol Bol,https://twitter.com/BolBol,BolBol,https://instagram.com/bolbol,bolbol
1630202,Payton Pritchard,https://twitter.com/paytonpritch3,paytonpritch3,https://instagram.com/paytonpritch3,paytonpritch3
1629684,Grant Williams,https://twitter.com/Grant2Will,Grant2Will,https://instagram.com/grantwill2,grantwill2
202683,Enes Freedom,https://twitter.com/EnesFreedom,EnesFreedom,https://instagram.com/enesfreedom,enesfreedom
1630174,Aaron Nesmith,https://twitter.com/aaronnesmith24,aaronnesmith24,https://instagram.com/aaron_nesmith,aaron_nesmith
1628981,Bruno Fernando,https://twitter.com/BrunoFernandoMV,BrunoFernandoMV,https://instagram.com/the_angolan_bf,the_angolan_bf
1630573,Sam Hauser,https://twitter.com/Big_Smooth10,Big_Smooth10,https://instagram.com/sam.hauser_,sam.hauser_
203935,Marcus Smart,https://twitter.com/smart_MS3,smart_MS3,https://instagram.com/youngamechanger,youngamechanger
201143,Al Horford,https://twitter.com/Al_Horford,Al_Horford,https://instagram.com/alhorford,alhorford
1629057,Robert Williams III,https://twitter.com/rob_williamsIII,rob_williamsIII,https://instagram.com/williams.lll,williams.lll
203471,Dennis Schroder,https://twitter.com/DennisMike93,DennisMike93,https://instagram.com/ds17_fg,ds17_fg
1630271,Brodric Thomas,https://twitter.com/TheReal__BT3,TheReal__BT3,https://instagram.com/best_as_can_bt3,best_as_can_bt3
203081,Damian Lillard,https://twitter.com/Dame_Lillard,Dame_Lillard,https://instagram.com/damianlillard,damianlillard
1629014,Anfernee Simons,https://twitter.com/AnferneeSimons,AnferneeSimons,https://instagram.com/antsimons,antsimons
1630570,Trendon Watford,https://twitter.com/trendonw,trendonw,https://instagram.com/trendonw,trendonw
203468,CJ McCollum,https://twitter.com/CJMcCollum,CJMcCollum,https://instagram.com/3jmccollum,3jmccollum
1630535,Greg Brown III,https://twitter.com/gb3elite,gb3elite,https://instagram.com/greg.brown03,greg.brown03
1629642,Nassir Little,https://twitter.com/2ez_nassie,2ez_nassie,https://instagram.com/nassir,nassir
1628372,Dennis Smith Jr.,https://twitter.com/Dennis1SmithJr,Dennis1SmithJr,https://instagram.com/desmith4,desmith4
1626204,Larry Nance Jr.,,,,
1629604,CJ Elleby,https://twitter.com/EllebyCj,EllebyCj,https://instagram.com/cjelleby,cjelleby
203503,Tony Snell,https://twitter.com/TonySnell21_,TonySnell21_,https://instagram.com/t.snell_,t.snell_
1629833,Keljin Blevins,https://twitter.com/KBlevs02,KBlevs02,https://instagram.com/kelblev_,kelblev_
203463,Ben McLemore,https://twitter.com/BenMcLemore,BenMcLemore,https://instagram.com/b_mclemore23,b_mclemore23
1626181,Norman Powell,https://twitter.com/npowell2404,npowell2404,https://instagram.com/normanpowell4,normanpowell4
203994,Jusuf Nurkic,https://twitter.com/bosnianbeast27,bosnianbeast27,https://instagram.com/bosnianbeast27,bosnianbeast27
203496,Robert Covington,https://twitter.com/Holla_At_Rob33,Holla_At_Rob33,https://instagram.com/atf_33,atf_33
203469,Cody Zeller,https://twitter.com/CodyZeller,CodyZeller,https://instagram.com/codyzeller,codyzeller
1626153,Delon Wright,https://twitter.com/delonwright,delonwright,https://instagram.com/delonwright,delonwright
1630552,Jalen Johnson,https://twitter.com/Jalen_J23,Jalen_J23,https://instagram.com/jalenjohnson,jalenjohnson
1630536,Sharife Cooper,https://twitter.com/SharifeCooper,SharifeCooper,https://instagram.com/sharife.cooper,sharife.cooper
1628989,Kevin Huerter,https://twitter.com/KevinHuerter,KevinHuerter,https://instagram.com/kevin_huerter,kevin_huerter
1630219,Skylar Mays,https://twitter.com/skylarmays4,skylarmays4,https://instagram.com/skylarmays,skylarmays
101150,Lou Williams,https://twitter.com/TeamLou23,TeamLou23,https://instagram.com/louwillville,louwillville
1627789,Timothe Luwawu-Cabarrot,https://twitter.com/timcabs,timcabs,https://instagram.com/7tlc,7tlc
201568,Danilo Gallinari,https://twitter.com/gallinari8888,gallinari8888,https://instagram.com/danilogallogallinari,danilogallogallinari
203476,Gorgui Dieng,https://twitter.com/GorguiDieng,GorguiDieng,https://instagram.com/gorguidieng,gorguidieng
1629027,Trae Young,https://twitter.com/TheTraeYoung,TheTraeYoung,https://instagram.com/traeyoung,traeyoung
1629631,De'Andre Hunter,https://twitter.com/DreHunter,DreHunter,https://instagram.com/drehunter,drehunter
203992,Bogdan Bogdanovic,https://twitter.com/LeaderOfHorde,LeaderOfHorde,https://instagram.com/bogdanbogdanovic,bogdanbogdanovic
203991,Clint Capela,https://twitter.com/CapelaClint,CapelaClint,https://instagram.com/ccapela15,ccapela15
1630168,Onyeka Okongwu,https://twitter.com/BigO21_,BigO21_,https://instagram.com/big0,big0
1628381,John Collins,https://twitter.com/jcollins20_,jcollins20_,https://instagram.com/jcollins20_,jcollins20_
1628995,Kevin Knox II,https://twitter.com/KevKnox,KevKnox,https://instagram.com/kevinknox,kevinknox
1629022,Lonnie Walker IV,https://twitter.com/lonniewalker_4,lonniewalker_4,https://instagram.com/buddah,buddah
1629640,Keldon Johnson,https://twitter.com/imthe_truth32,imthe_truth32,https://instagram.com/keldonjohnson,keldonjohnson
1628401,Derrick White,https://twitter.com/Dwhite921,Dwhite921,https://instagram.com/dwhite921,dwhite921
1627749,Dejounte Murray,https://twitter.com/DejounteMurray,DejounteMurray,https://instagram.com/dejountemurray,dejountemurray
1630563,Joshua Primo,https://twitter.com/JoshuaPrimo4,JoshuaPrimo4,https://instagram.com/josh.primoo,josh.primoo
1629234,Drew Eubanks,https://twitter.com/DrewEubanks12,DrewEubanks12,https://instagram.com/drewdatower,drewdatower
1630580,Joe Wieskamp,https://twitter.com/JWieskamp21,JWieskamp21,https://instagram.com/wiesy10,wiesy10
203926,Doug McDermott,https://twitter.com/dougmcdermott,dougmcdermott,https://instagram.com/dougmcd03,dougmcd03
1629719,Devontae Cacok,https://twitter.com/Vontae__15,Vontae__15,https://instagram.com/vontae_15,vontae_15
1628380,Zach Collins,https://twitter.com/zcollins_33,zcollins_33,https://instagram.com/zachcollins_33,zachcollins_33
1630170,Devin Vassell,https://twitter.com/Yvngdevo,Yvngdevo,https://instagram.com/devin_vassell,devin_vassell
1627751,Jakob Poeltl,https://twitter.com/JakobPoeltl,JakobPoeltl,https://instagram.com/jakob,jakob
201152,Thaddeus Young,https://twitter.com/yungsmoove21,yungsmoove21,https://instagram.com/thad.young21,thad.young21
1628966,Keita Bates-Diop,https://twitter.com/KBD_33,KBD_33,https://instagram.com/keitabd,keitabd
1630200,Tre Jones,https://twitter.com/Tre3Jones,Tre3Jones,https://instagram.com/trejones03,trejones03
1629111,Jock Landale,https://twitter.com/JockLandale,JockLandale,https://instagram.com/jocklandale,jocklandale
1627823,Juancho Hernangomez,https://twitter.com/juanchiviris41,juanchiviris41,https://instagram.com/juanchiviri41,juanchiviri41
203484,Kentavious Caldwell-Pope,https://twitter.com/CaldwellPope,CaldwellPope,https://instagram.com/caldwellpope,caldwellpope
203078,Bradley Beal,https://twitter.com/RealDealBeal23,RealDealBeal23,https://instagram.com/bradbeal3,bradbeal3
1628988,Aaron Holiday,https://twitter.com/The_4th_Holiday,The_4th_Holiday,https://instagram.com/the_4th_holiday,the_4th_holiday
1630216,Cassius Winston,https://twitter.com/cassiuswinston,cassiuswinston,https://instagram.com/cassiuswinston5,cassiuswinston5
1626149,Montrezl Harrell,https://twitter.com/MONSTATREZZ,MONSTATREZZ,https://instagram.com/trezz24,trezz24
1629060,Rui Hachimura,https://twitter.com/rui_8mura,rui_8mura,https://instagram.com/rui_8mura,rui_8mura
1630166,Deni Avdija,,,https://instagram.com/deniavdia8,deniavdia8
1628418,Thomas Bryant,https://twitter.com/nolimittb31,nolimittb31,https://instagram.com/nolimittb,nolimittb
1630225,Isaiah Todd,https://twitter.com/zaytodd,zaytodd,https://instagram.com/zaytodd,zaytodd
1630264,Anthony Gill,,,https://instagram.com/anthonygill.13,anthonygill.13
1630555,Joel Ayayi,https://twitter.com/joel_ayayi,joel_ayayi,https://instagram.com/joelayayi,joelayayi
203526,Raul Neto,https://twitter.com/RaulTogni,RaulTogni,https://instagram.com/raulneto08,raulneto08
1629655,Daniel Gafford,https://twitter.com/Dan_G33,Dan_G33,https://instagram.com/big.dandan,big.dandan
1630557,Corey Kispert,https://twitter.com/corey_kispert,corey_kispert,https://instagram.com/ckis24,ckis24
203915,Spencer Dinwiddie,https://twitter.com/SDinwiddie_25,SDinwiddie_25,https://instagram.com/spencerdinwiddie,spencerdinwiddie
1628398,Kyle Kuzma,https://twitter.com/kylekuzma,kylekuzma,https://instagram.com/kuz,kuz
202722,Davis Bertans,https://twitter.com/DBertans_42,DBertans_42,https://instagram.com/dbertans_42,dbertans_42
1630167,Obi Toppin,https://twitter.com/obitoppin1,obitoppin1,https://instagram.com/obitoppin_1,obitoppin_1
1630540,Miles McBride,https://twitter.com/deucemcb11,deucemcb11,https://instagram.com/deucemcb11,deucemcb11
203457,Nerlens Noel,https://twitter.com/NerlensNoel3,NerlensNoel3,https://instagram.com/nerlensnoel3,nerlensnoel3
201565,Derrick Rose,https://twitter.com/drose,drose,https://instagram.com/drose,drose
1630193,Immanuel Quickley,https://twitter.com/IQ_GodSon,IQ_GodSon,https://instagram.com/immanuelquickley__,immanuelquickley__
1629656,Quentin Grimes,https://twitter.com/qdotgrimes,qdotgrimes,https://instagram.com/qdotgrimes,qdotgrimes
202689,Kemba Walker,https://twitter.com/KembaWalker,KembaWalker,https://instagram.com/_kw15,_kw15
1629628,RJ Barrett,https://twitter.com/RjBarrett6,RjBarrett6,https://instagram.com/rjbarrett,rjbarrett
203095,Evan Fournier,https://twitter.com/EvanFourmizz,EvanFourmizz,https://instagram.com/evanfournier10,evanfournier10
202692,Alec Burks,https://twitter.com/AlecBurks10,AlecBurks10,https://instagram.com/alecburks13,alecburks13
1629629,Cam Reddish,https://twitter.com/camreddish,camreddish,https://instagram.com/camreddish,camreddish
1629011,Mitchell Robinson,https://twitter.com/23savage____,23savage____,https://instagram.com/mrobinson23_,mrobinson23_
203944,Julius Randle,https://twitter.com/J30_RANDLE,J30_RANDLE,https://instagram.com/juliusrandle30,juliusrandle30
1630579,Jericho Sims,,,https://instagram.com/jumpmansims,jumpmansims
201959,Taj Gibson,https://twitter.com/TajGibson,TajGibson,https://instagram.com/tajgibson,tajgibson
1629677,Luka Samanic,https://twitter.com/SamanicLuka,SamanicLuka,https://instagram.com/lukasamanic9,lukasamanic9
1629712,Didi Louzada,https://twitter.com/Didi,Didi,https://instagram.com/didi,didi
1629627,Zion Williamson,https://twitter.com/Zionwilliamson,Zionwilliamson,https://instagram.com/zionwilliamson,zionwilliamson
1628404,Josh Hart,https://twitter.com/joshhart,joshhart,https://instagram.com/jhart,jhart
1628984,Devonte' Graham,https://twitter.com/Devonte4Graham,Devonte4Graham,https://instagram.com/dtaegraham,dtaegraham
1630529,Herbert Jones,https://twitter.com/_hoopinglife,_hoopinglife,https://instagram.com/yung.ch0,yung.ch0
1629638,Nickeil Alexander-Walker,https://twitter.com/NickeilAW,NickeilAW,https://instagram.com/nickeilaw,nickeilaw
1630230,Naji Marshall,https://twitter.com/MarshallNaji,MarshallNaji,https://instagram.com/najimarshall,najimarshall
1626195,Willy Hernangomez,https://twitter.com/willyhg94,willyhg94,https://instagram.com/willyhernangomez,willyhernangomez
1629637,Jaxson Hayes,https://twitter.com/hayes_jaxson,hayes_jaxson,https://instagram.com/jaxsonhayes,jaxsonhayes
1629109,Gary Clark,https://twitter.com/Gary11_Clark,Gary11_Clark,https://instagram.com/gary6clark,gary6clark
1630184,Kira Lewis Jr.,https://twitter.com/kiralewisjr,kiralewisjr,https://instagram.com/kiralewis2,kiralewis2
1627742,Brandon Ingram,https://twitter.com/B_Ingram13,B_Ingram13,https://instagram.com/1ngram4,1ngram4
1630631,Jose Alvarado,https://twitter.com/AlvaradoJose15,AlvaradoJose15,https://instagram.com/realrytejose,realrytejose
202685,Jonas Valanciunas,https://twitter.com/JValanciunas,JValanciunas,https://instagram.com/jvalanciunas,jvalanciunas
1630530,Trey Murphy III,https://twitter.com/treymurphy,treymurphy,https://instagram.com/treymurphy,treymurphy
203107,Tomas Satoransky,https://twitter.com/satoransky,satoransky,https://instagram.com/tomasatoransky,tomasatoransky
1629117,Wenyen Gabriel,https://twitter.com/WenyenGabriel,WenyenGabriel,https://instagram.com/wenyengabriel,wenyengabriel
202066,Garrett Temple,https://twitter.com/GTemp17,GTemp17,https://instagram.com/gtemp17,gtemp17
203933,T.J. Warren,https://twitter.com/TonyWarrenJr,TonyWarrenJr,https://instagram.com/t.warren1,t.warren1
1630537,Chris Duarte,https://twitter.com/C_Duarte5,C_Duarte5,https://instagram.com/christheoretduarte05,christheoretduarte05
1630613,Duane Washington Jr.,,,,
202362,Lance Stephenson,https://twitter.com/StephensonLance,StephensonLance,https://instagram.com/stephensonlance,stephensonlance
1627763,Malcolm Brogdon,https://twitter.com/MalcolmBrogdon7,MalcolmBrogdon7,https://instagram.com/malcolmbrogdon,malcolmbrogdon
203200,Justin Holiday,https://twitter.com/JustHolla7,JustHolla7,https://instagram.com/justholla7,justholla7
204456,T.J. McConnell,https://twitter.com/TJMcConnell,TJMcConnell,https://instagram.com/tjmcconnell,tjmcconnell
1627734,Domantas Sabonis,https://twitter.com/Dsabonis11,Dsabonis11,https://instagram.com/dsabonis11,dsabonis11
1629052,Oshae Brissett,https://twitter.com/Obrissy,Obrissy,https://instagram.com/obrissy,obrissy
1628470,Torrey Craig,https://twitter.com/TCraig_23,TCraig_23,https://instagram.com/tcraig3_,tcraig3_
1627747,Caris LeVert,https://twitter.com/CarisLeVert,CarisLeVert,https://instagram.com/carislevert,carislevert
1630543,Isaiah Jackson,https://twitter.com/IJackson22,IJackson22,https://instagram.com/isaiahjackson22,isaiahjackson22
203087,Jeremy Lamb,https://twitter.com/jlamb,jlamb,https://instagram.com/jeremylamb1,jeremylamb1
1626208,Keifer Sykes,https://twitter.com/ksykesyb,ksykesyb,https://instagram.com/ksykesyb28,ksykesyb28
1630678,Terry Taylor,https://twitter.com/TerryTaylor21,TerryTaylor21,https://instagram.com/tt.21,tt.21
1626167,Myles Turner,https://twitter.com/Original_Turner,Original_Turner,https://instagram.com/turner_myles,turner_myles
1629048,Goga Bitadze,https://twitter.com/GogaBiitadze,GogaBiitadze,https://instagram.com/gogabitadaze,gogabitadaze
1630169,Tyrese Haliburton,https://twitter.com/TyHaliburton22,TyHaliburton22,https://instagram.com/tyresehaliburton,tyresehaliburton
1629056,Terence Davis,https://twitter.com/TerenceDavisJr,TerenceDavisJr,https://instagram.com/terencedavisjr,terencedavisjr
1628368,De'Aaron Fox,https://twitter.com/swipathefox,swipathefox,https://instagram.com/swipathefox,swipathefox
1629002,Chimezie Metu,https://twitter.com/Chimezie_Metu,Chimezie_Metu,https://instagram.com/mezie,mezie
203090,Maurice Harkless,https://twitter.com/moe_harkless,moe_harkless,https://instagram.com/moe_harkless,moe_harkless
202684,Tristan Thompson,https://twitter.com/RealTristan13,RealTristan13,https://instagram.com/realtristan13,realtristan13
1630558,Davion Mitchell,https://twitter.com/hoopculture13,hoopculture13,https://instagram.com/daaay____,daaay____
1630218,Robert Woodard II,https://twitter.com/Raw2512,Raw2512,https://instagram.com/r__a__wii,r__a__wii
1630186,Jahmi'us Ramsey,https://twitter.com/newanimprovedJR,newanimprovedJR,https://instagram.com/jramsey.3,jramsey.3
1626158,Richaun Holmes,https://twitter.com/Rich_Holmes22,Rich_Holmes22,https://instagram.com/rich_holmes22,rich_holmes22
1629663,Louis King,https://twitter.com/LouisKing,LouisKing,https://instagram.com/louking,louking
1627741,Buddy Hield,https://twitter.com/buddyhield,buddyhield,https://instagram.com/buddylove242,buddylove242
203458,Alex Len,https://twitter.com/alexlen,alexlen,https://instagram.com/alexlen_25,alexlen_25
1627745,Damian Jones,https://twitter.com/dameology,dameology,https://instagram.com/dameology,dameology
1628963,Marvin Bagley III,https://twitter.com/MB3FIVE,MB3FIVE,https://instagram.com/mb3five,mb3five
203084,Harrison Barnes,https://twitter.com/hbarnes,hbarnes,https://instagram.com/hbarnes,hbarnes
1629674,Neemias Queta,https://twitter.com/nemi1599,nemi1599,https://instagram.com/neemy23,neemy23
1628983,Shai Gilgeous-Alexander,https://twitter.com/shaiglalex,shaiglalex,https://instagram.com/shai,shai
1630581,Josh Giddey,https://twitter.com/joshgiddey,joshgiddey,https://instagram.com/joshgiddey,joshgiddey
1629652,Luguentz Dort,https://twitter.com/luthebeast,luthebeast,https://instagram.com/luthebeast,luthebeast
1629647,Darius Bazley,https://twitter.com/BazleyDarius,BazleyDarius,https://instagram.com/dariusbazley,dariusbazley
1628778,Paul Watson,https://twitter.com/_PWJiii,_PWJiii,https://instagram.com/pwat3,pwat3
1630177,Theo Maledon,,,https://instagram.com/theomaledon,theomaledon
202324,Derrick Favors,https://twitter.com/dfavors14,dfavors14,https://instagram.com/_dfavors15,_dfavors15
1629660,Ty Jerome,https://twitter.com/tyjerome_,tyjerome_,https://instagram.com/tyjerome_,tyjerome_
1630197,Aleksej Pokusevski,https://twitter.com/aleksejpokusevs,aleksejpokusevs,https://instagram.com/17_poku,17_poku
1630598,Aaron Wiggins,https://twitter.com/Aaron_Wiggins_,Aaron_Wiggins_,https://instagram.com/a.wigg,a.wigg
1629676,Isaiah Roby,https://twitter.com/roby_isaiah,roby_isaiah,https://instagram.com/zayro,zayro
1630544,Tre Mann,https://twitter.com/tre2mann3,tre2mann3,https://instagram.com/treshaunmann,treshaunmann
1629603,Mamadi Diakite,https://twitter.com/_mdiakite,_mdiakite,https://instagram.com/_mdiakite25,_mdiakite25
1630249,Vit Krejci,https://twitter.com/v_krejci,v_krejci,https://instagram.com/vitaa_krejci,vitaa_krejci
203488,Mike Muscala,,,,
1629026,Kenrich Williams,https://twitter.com/williamskenrich,williamskenrich,https://instagram.com/kenrich_williams,kenrich_williams
1630526,Jeremiah Robinson-Earl,https://twitter.com/JCREarl,JCREarl,https://instagram.com/jeremiah,jeremiah
1630607,Chris Smith,,,,
1630595,Cade Cunningham,https://twitter.com/CadeCunningham_,CadeCunningham_,https://instagram.com/cadecunn1ngham,cadecunn1ngham
1630199,Cassius Stanley,https://twitter.com/cassius_stanley,cassius_stanley,https://instagram.com/cassiusstanley,cassiusstanley
1628402,Frank Jackson,https://twitter.com/FWJackson15,FWJackson15,https://instagram.com/franklinjackson5,franklinjackson5
1628977,Hamidou Diallo,https://twitter.com/hamidoudiallo,hamidoudiallo,https://instagram.com/hami.diallo,hami.diallo
1630165,Killian Hayes,https://twitter.com/iam_killian,iam_killian,https://instagram.com/iam_killian,iam_killian
1626168,Trey Lyles,https://twitter.com/TreyLyles,TreyLyles,https://instagram.com/treylyles,treylyles
203924,Jerami Grant,https://twitter.com/JeramiGrant,JeramiGrant,https://instagram.com/jeramigrant,jeramigrant
1630587,Isaiah Livers,https://twitter.com/isaiah__02,isaiah__02,https://instagram.com/isaiah_livers,isaiah_livers
203482,Kelly Olynyk,https://twitter.com/KellyOlynyk,KellyOlynyk,https://instagram.com/kellyolynyk,kellyolynyk
203585,Rodney McGruder,https://twitter.com/RodneyMcGruder,RodneyMcGruder,https://instagram.com/rodneymcgruder,rodneymcgruder
202709,Cory Joseph,https://twitter.com/Cory_Joe,Cory_Joe,https://instagram.com/coryjoseph,coryjoseph
1628367,Josh Jackson,https://twitter.com/j_josh11,j_josh11,https://instagram.com/josh_j11,josh_j11
1630691,Jamorko Pickett,https://twitter.com/JamorkoP1,JamorkoP1,https://instagram.com/jamorkop1,jamorkop1
1630191,Isaiah Stewart,https://twitter.com/Dreamville_33,Dreamville_33,https://instagram.com/the.isaiahstewart,the.isaiahstewart
1630240,Saben Lee,https://twitter.com/SabenLee,SabenLee,https://instagram.com/_sabenlee,_sabenlee
1630180,Saddiq Bey,https://twitter.com/_Beyyy15,_Beyyy15,https://instagram.com/saddiq.bey,saddiq.bey
1630568,Luka Garza,https://twitter.com/LukaG_55,LukaG_55,https://instagram.com/lgarza_55,lgarza_55
1628371,Jonathan Isaac,https://twitter.com/JJudahIsaac,JJudahIsaac,https://instagram.com/jonisaac_01,jonisaac_01
1629643,Chuma Okeke,https://twitter.com/chuma_okeke,chuma_okeke,https://instagram.com/chumaokeke_,chumaokeke_
1630591,Jalen Suggs,https://twitter.com/jalensuggs,jalensuggs,https://instagram.com/jalensuggs,jalensuggs
1628964,Mo Bamba,https://twitter.com/TheRealMoBamba,TheRealMoBamba,https://instagram.com/therealmobamba,therealmobamba
203487,Michael Carter-Williams,https://twitter.com/mcarterwilliams,mcarterwilliams,https://instagram.com/mcarterwilliams,mcarterwilliams
1630181,R.J. Hampton,https://twitter.com/RjHampton14,RjHampton14,https://instagram.com/rjhampton14,rjhampton14
203914,Gary Harris,https://twitter.com/thats_G_,thats_G_,https://instagram.com/thats_g_,thats_g_
1629649,Ignas Brazdeikis,https://twitter.com/_iggy_braz,_iggy_braz,https://instagram.com/_iggy_braz_,_iggy_braz_
1628365,Markelle Fultz,https://twitter.com/MarkelleF,MarkelleF,https://instagram.com/markellefultz,markellefultz
1629021,Moritz Wagner,https://twitter.com/moritz_weasley,moritz_weasley,https://instagram.com/moritz_weasley,moritz_weasley
1630532,Franz Wagner,https://twitter.com/franzboogie,franzboogie,https://instagram.com/franz_weasley,franz_weasley
1629678,Admiral Schofield,https://twitter.com/admiralelite15,admiralelite15,https://instagram.com/uncle_scho,uncle_scho
203082,Terrence Ross,https://twitter.com/TerrenceRoss,TerrenceRoss,https://instagram.com/terrence,terrence
201577,Robin Lopez,https://twitter.com/rolopez42,rolopez42,https://instagram.com/gustogummi88,gustogummi88
1628976,Wendell Carter Jr.,https://twitter.com/wendellcarter34,wendellcarter34,https://instagram.com/wendellcarterjr,wendellcarterjr
1630175,Cole Anthony,https://twitter.com/The_ColeAnthony,The_ColeAnthony,https://instagram.com/the_cole.anthony,the_cole.anthony
202734,E'Twaun Moore,https://twitter.com/ETwaun55,ETwaun55,https://instagram.com/etwaun_55,etwaun_55
1630224,Jalen Green,https://twitter.com/JalenGreen,JalenGreen,https://instagram.com/jalen,jalen
202322,John Wall,https://twitter.com/JohnWall,JohnWall,https://instagram.com/johnwall,johnwall
1628021,David Nwaba,https://twitter.com/dnwaba0,dnwaba0,https://instagram.com/davidnwaba,davidnwaba
1629645,Kevin Porter Jr.,,,,
1630231,Kenyon Martin Jr.,https://twitter.com/KenyonMartinSr,KenyonMartinSr,,
1629717,Armoni Brooks,https://twitter.com/snipabrooks_,snipabrooks_,https://instagram.com/snipabrooks,snipabrooks
1630256,Jae'Sean Tate,https://twitter.com/o_tate_,o_tate_,https://instagram.com/o_tate,o_tate
1630528,Josh Christopher,https://twitter.com/Jaygup23,Jaygup23,https://instagram.com/jaygup,jaygup
201569,Eric Gordon,https://twitter.com/TheofficialEG10,TheofficialEG10,https://instagram.com/officialeg10,officialeg10
201571,D.J. Augustin,https://twitter.com/augustinDj14,augustinDj14,https://instagram.com/djaugustin,djaugustin
1630227,Daishen Nix,https://twitter.com/djfromveg,djfromveg,https://instagram.com/djdaishen,djdaishen
1630586,Usman Garuba,https://twitter.com/Usmangaruba,Usmangaruba,https://instagram.com/destusman,destusman
1630243,Trevelin Queen,https://twitter.com/trev_up,trev_up,https://instagram.com/trevupnow_,trevupnow_
1629726,Garrison Mathews,https://twitter.com/gmathews_24,gmathews_24,https://instagram.com/garrison_mathews24,garrison_mathews24
1628464,Daniel Theis,https://twitter.com/dtheis10,dtheis10,https://instagram.com/dtheis10,dtheis10
1630578,Alperen Sengun,https://twitter.com/alperennsengun,alperennsengun,https://instagram.com/alperen.sengun,alperen.sengun
1626174,Christian Wood,https://twitter.com/Chriswood_5,Chriswood_5,https://instagram.com/chriswood_5,chriswood_5
